word,count,mean_attribution,std_attribution,median_attribution,total_attribution
vast,10,38.997093,3.7599924,38.490566,389.97095
inherent,12,33.250225,0.59319764,33.03949,399.00272
disparities,7,28.891272,3.889249,28.614132,202.2389
wealth,22,28.675188,13.937451,32.214027,630.8541
inequalities,8,27.627022,0.27462947,27.726908,221.01617
increasingly,6,27.556448,0.10744219,27.5084,165.33868
idealized,5,27.368536,0.1308693,27.303102,136.84268
burdened,6,27.2362,17.62498,31.814611,163.4172
inequality,18,26.800056,0.9388599,26.523287,482.401
realities,9,26.554897,3.4378345,25.106821,238.99408
perpetually,5,25.585682,0.5578886,25.132803,127.928406
perpetuating,6,25.58172,0.0007769354,25.581371,153.49033
reminder,5,24.031773,4.318951,21.748817,120.15886
disillusionment,8,23.929316,0.56450135,23.7825,191.43452
pervasive,10,23.828365,3.1180758,22.220383,238.28365
seemingly,8,23.61636,1.5610832,22.899487,188.93088
miasma,12,23.337927,1.4128608,23.429926,280.0551
complexities,6,23.311394,0.06620784,23.341003,139.86836
fundamental,9,22.545004,0.01884165,22.52815,202.90503
moral,49,22.514648,3.4459596,21.332478,1103.2178
grim,6,21.899675,13.059441,25.74826,131.39806
vulnerability,6,21.85881,0.21215627,21.883303,131.15286
clung,8,21.59668,3.040089,21.833494,172.77344
disparity,6,21.07938,12.441806,26.714424,126.47628
nation,6,20.846037,2.897185,20.264267,125.07622
societal,16,20.83606,1.0251192,20.774696,333.37695
erode,6,20.720135,0.3351078,20.720135,124.32081
ingrained,13,20.279764,0.47701684,20.410227,263.63693
utterly,6,20.263208,2.4572377,19.899895,121.57925
testament,8,19.904814,2.988812,19.542328,159.23851
eroding,5,19.884008,0.20539702,19.986706,99.420044
manifestation,10,19.445675,1.9578468,18.933619,194.45674
wealthy,5,19.379066,1.1041164,18.94383,96.89533
perceived,5,18.509518,11.442321,24.356516,92.547585
fostering,15,18.219456,0.67551345,18.190096,273.29184
oliver,23,18.128798,14.001543,12.582494,416.96234
gradual,18,17.993324,2.624359,16.91859,323.87985
prioritizing,6,17.713535,0.26955032,17.713535,106.28121
distant,7,17.320248,9.2468815,19.23723,121.24174
willingness,8,17.020035,1.5731678,16.72867,136.16028
shroud,8,16.909801,1.4819226,16.396835,135.27841
dignity,5,16.874325,0.10247345,16.925562,84.37162
sweet,5,16.872791,14.872141,10.4232855,84.36395
realization,6,16.62423,0.3550314,16.537624,99.74538
necessitates,5,16.47734,0.12719649,16.540937,82.3867
glittering,5,16.356302,2.1370258,15.341807,81.78151
stratification,18,16.312449,0.16605303,16.402367,293.62408
festering,7,16.116896,2.908452,14.863245,112.81827
economic,20,16.0905,0.375843,16.183502,321.81
possessed,20,15.934166,9.189699,18.580303,318.68332
relentless,6,15.887094,0.8298585,15.513091,95.32256
ruin,5,15.61302,1.3381492,14.575738,78.0651
truly,16,15.50477,8.705488,18.351562,248.07632
clinging,5,15.49684,0.80248696,14.865335,77.4842
hemlock,5,15.3478365,1.0676826,15.37155,76.73918
ambition,5,15.346701,11.995018,20.701057,76.733505
invisible,5,15.207962,0.1920256,15.051174,76.03981
poignant,6,14.756053,1.878988,13.593119,88.536316
morality,5,14.737299,0.2811161,14.507768,73.68649
expediency,8,14.569241,1.3092983,14.135429,116.553925
poverty,12,14.540947,13.73418,20.535372,174.49136
cobbled,7,14.471006,1.7245734,14.903546,101.29704
youthful,5,14.417758,10.938427,18.091595,72.08879
vulnerable,9,14.300176,2.6638222,12.886393,128.70158
manifests,8,14.230086,0.033453077,14.256,113.84069
hardship,6,14.095116,0.03557396,14.095116,84.570694
creates,8,13.93823,0.2662754,13.93823,111.50584
deeply,15,13.568186,6.546545,15.450309,203.52278
married,7,13.559374,12.064634,8.859038,94.91562
powerful,7,13.499013,0.80748683,13.365884,94.49309
considerable,11,13.497592,16.342669,19.2038,148.47351
navigate,7,13.46872,0.06416954,13.506307,94.281044
solely,6,13.431538,0.40870097,13.637131,80.589226
benevolent,7,13.397054,12.818919,20.782675,93.77937
navigating,5,13.15827,0.10526849,13.126678,65.79135
narratives,8,13.035821,0.06319286,13.011936,104.28657
inherited,5,12.913333,0.21217094,12.740097,64.566666
systemic,15,12.896732,0.28256276,13.004352,193.45099
propriety,9,12.800336,6.7341013,14.293969,115.203026
indifference,7,12.746809,9.691736,14.293401,89.22766
historically,5,12.742336,9.600214,17.48125,63.71168
acknowledge,9,12.735798,0.31658614,12.726098,114.62218
shaping,7,12.568199,0.47760493,12.463572,87.977394
possess,5,12.52976,0.17955932,12.4399805,62.6488
belief,16,12.427791,12.626937,18.457241,198.84465
disguised,5,12.4253845,0.76241714,12.361964,62.126923
impacting,5,12.406675,0.12980805,12.47158,62.03338
inevitable,8,12.378864,8.374176,14.121548,99.030914
breakfast,8,12.351375,4.478582,10.507086,98.811
phenomenon,11,12.071548,2.3827422,10.469156,132.78703
values,12,11.994663,0.23560348,12.08849,143.93596
justify,6,11.912945,8.008187,15.467326,71.47767
obligation,9,11.8499155,0.88306624,12.341738,106.64924
consequences,14,11.826036,6.548705,14.412261,165.56451
addressing,10,11.7786,0.28061634,11.856222,117.785995
visible,9,11.748784,6.1151996,14.178029,105.73906
defined,5,11.732402,0.76208067,11.595779,58.66201
frank,18,11.698556,1.7456611,12.792207,210.574
injustice,10,11.658232,2.2654936,10.47794,116.58232
stability,6,11.581531,12.143469,16.992823,69.48918
survival,8,11.464418,0.24082409,11.325474,91.71535
modest,5,11.427244,0.5224002,11.537201,57.136223
received,11,11.424053,7.2862577,8.764018,125.66458
park,5,11.396455,8.88988,6.4093823,56.982273
existence,15,11.33935,8.795231,12.899837,170.09024
commitment,12,11.313804,0.40769315,11.4263,135.76564
narrative,5,11.283762,0.17365846,11.141971,56.41881
context,5,11.247311,0.086461075,11.176715,56.236553
wife,10,11.194028,3.8206336,9.435572,111.94028
madame,5,11.16582,0.1715702,11.080035,55.8291
acknowledging,5,11.139693,0.1364194,11.192018,55.698467
erosion,18,11.103695,2.6505,10.189723,199.86652
emma,26,11.042246,2.5293677,11.54347,287.0984
fosters,5,10.93969,0.17349344,11.041784,54.69845
intricate,5,10.88833,1.6219798,10.506554,54.441654
round,11,10.83675,9.31416,7.883345,119.20425
unwavering,7,10.797004,15.421279,16.799982,75.579025
recognizing,12,10.783841,0.07904931,10.850651,129.4061
resentment,10,10.649531,17.22042,18.2661,106.495316
echoing,5,10.623899,0.48534587,10.57311,53.119495
familial,15,10.596765,0.37386113,10.676622,158.95146
challenging,7,10.550717,0.7641451,10.417107,73.85502
joined,6,10.543568,6.5492015,8.073637,63.261406
elton,14,10.336175,1.7869766,10.881362,144.70645
capital,11,10.335832,0.16750728,10.282861,113.694145
integrity,7,10.2838545,11.019928,14.706323,71.986984
dinner,15,10.148942,1.7078594,10.12866,152.23413
catherine,9,10.034008,1.687068,9.684154,90.30607
edward,19,10.027705,10.383622,9.917691,190.5264
opened,5,10.01127,1.7148795,9.996795,50.056347
equitable,9,9.887769,0.11822453,9.903877,88.98992
night,24,9.863557,2.6852038,8.94257,236.72537
deserts,6,9.852559,8.649563,15.845605,59.115356
barton,6,9.823642,0.37814856,9.656822,58.941853
perception,6,9.821912,9.186891,13.363533,58.931473
bumble,6,9.8049345,3.7608278,9.937271,58.829605
complex,8,9.7607765,0.44250104,9.435498,78.08621
martin,5,9.745771,1.1509845,9.877746,48.72886
spatial,6,9.744511,0.011317834,9.752514,58.467064
william,5,9.692675,0.7986307,10.286011,48.463375
norms,5,9.642515,0.42400643,9.296315,48.212574
girls,6,9.628995,4.6424775,7.912385,57.77397
doctor,8,9.559824,2.652142,9.365932,76.47859
minutes,16,9.445766,2.3942764,9.437716,151.13226
shop,7,9.37732,4.450195,8.57527,65.64124
gardiner,5,9.372738,1.8430626,8.743721,46.86369
disadvantage,9,9.243437,8.934764,14.007551,83.19093
foundations,12,9.236884,0.71818805,8.906839,110.842606
card,5,9.154967,8.646995,5.612302,45.774837
john,19,9.109068,0.70153254,9.371417,173.0723
desires,5,9.065363,0.5055366,9.458145,45.326813
fairness,7,9.062083,0.27761182,9.262602,63.434586
subtly,8,9.050328,2.0500984,8.254772,72.402626
pair,5,9.019089,1.9001056,8.556806,45.095444
live,5,9.017453,4.5062346,5.6992745,45.087265
blue,5,8.967392,0.22199102,8.9651985,44.83696
preservation,6,8.77543,0.11808806,8.691929,52.65258
campbell,6,8.755515,1.7514483,8.016314,52.533092
elizabeth,21,8.7331705,1.4432786,9.1661415,183.39658
chair,6,8.710031,10.586688,4.7216315,52.26018
descent,5,8.696508,2.835085,7.6709657,43.482544
during,6,8.694035,0.94819075,8.331383,52.164207
bates,8,8.676175,3.7807534,7.569687,69.4094
meeting,5,8.665418,8.385417,4.5026593,43.327087
mrs,91,8.652324,6.778115,8.850103,787.36145
advantages,8,8.618481,13.398254,17.957022,68.947845
two,42,8.599403,4.4245768,7.1543255,361.17493
joe,14,8.560946,1.2461344,8.952241,119.85325
sisters,5,8.553883,3.1922865,6.7336917,42.769413
accumulation,12,8.514752,0.4131738,8.375755,102.17703
deceit,5,8.416899,2.299109,6.8742285,42.084496
lucy,15,8.401707,4.2138577,6.95759,126.025604
privilege,8,8.398796,6.9455695,12.120829,67.19037
brandon,8,8.379311,0.25456178,8.446714,67.034485
colonel,18,8.374146,1.7004466,8.122992,150.73463
notion,6,8.326305,12.895685,17.106956,49.957832
insidious,20,8.325779,1.0034881,7.993791,166.51558
collins,17,8.314583,2.6350057,7.6547923,141.34792
side,20,8.235444,4.7973127,6.5918255,164.70888
except,9,8.209058,8.305759,5.227513,73.88152
returned,10,8.183418,3.1692922,7.2545724,81.83418
dramatic,12,8.161241,0.10646811,8.085957,97.93489
cultural,11,8.129431,0.042348564,8.155364,89.42374
cole,5,8.118374,0.94532806,7.689874,40.59187
doesn,5,8.11528,0.11737029,8.211113,40.5764
remains,7,8.112728,6.0290265,10.247111,56.789097
beneath,12,8.109653,6.4376006,10.146055,97.31584
she,381,8.049131,11.716566,7.710644,3066.7192
three,14,8.033631,1.2264416,8.020559,112.47084
creating,9,8.030279,7.2226133,10.005962,72.272514
morning,23,7.988105,1.1686279,8.1137,183.72641
justified,6,7.9845386,2.0045416,7.415748,47.90723
lies,16,7.969847,0.35486302,8.052695,127.517555
fine,6,7.9629974,5.7914987,5.907943,47.777985
innocence,17,7.950084,4.134306,7.291515,135.15143
pounds,6,7.946846,1.1649199,7.7365036,47.681076
hair,7,7.8677306,3.078373,5.680762,55.074116
jane,28,7.8600874,2.1818898,7.4065247,220.08244
virtue,10,7.8531175,3.6180735,8.030668,78.53117
weston,16,7.827457,1.2756675,7.9729156,125.23931
merely,39,7.824653,5.2138925,8.3423195,305.16147
charlotte,7,7.8129034,0.8546189,7.98483,54.690323
last,32,7.7135057,6.305097,6.3067293,246.83218
conflict,6,7.7061634,0.039928336,7.7306886,46.23698
inevitably,6,7.6944103,10.766374,14.103158,46.166462
danger,7,7.6930747,8.356251,12.565708,53.851524
second,14,7.6922317,1.7034407,7.865228,107.691246
sent,7,7.6744494,0.49535733,7.5618687,53.721146
harriet,28,7.6094947,1.5961846,7.796974,213.06586
becomes,14,7.597708,4.3351984,9.142844,106.36791
table,11,7.5881734,8.816556,5.4445715,83.46991
off,21,7.5849667,3.0955124,6.7741113,159.2843
after,55,7.582126,11.049977,8.696635,417.01694
house,27,7.5711236,5.6159472,5.8311467,204.42033
best,18,7.456165,8.825416,5.3669314,134.21097
despair,6,7.4520473,10.557761,7.863,44.712284
bed,10,7.4148226,1.5112484,6.984418,74.148224
necessarily,12,7.3842072,0.59526265,7.25996,88.61049
door,19,7.371928,3.5295696,6.539157,140.06664
appeared,16,7.3639216,0.48656577,7.4468,117.82275
sister,33,7.360863,11.43323,8.766244,242.9085
sacrifices,5,7.354457,0.36196074,7.4346204,36.772285
letter,16,7.2598057,5.8666286,5.9190197,116.15689
requires,27,7.207491,0.13815564,7.136334,194.60225
were,173,7.19157,12.137072,6.528966,1244.1416
friend,29,7.172347,1.5280443,7.088376,207.99806
four,6,7.1681447,1.1061301,7.483638,43.00887
ethical,20,7.148986,0.35457468,7.2653747,142.97972
generations,6,7.1209908,3.8313997,5.6555996,42.725945
genuine,19,7.1178164,5.9488883,8.970394,135.23851
six,5,7.100919,0.30218837,7.151644,35.504593
faces,13,7.07974,7.632592,8.878765,92.03662
disadvantaged,5,7.072711,0.32847577,7.3152704,35.363556
jennings,12,7.0567174,3.6865973,6.387693,84.68061
mr,168,6.9779882,12.241214,8.903175,1172.302
discovered,7,6.976826,4.980634,4.9964886,48.837784
bingley,5,6.9338775,0.2895732,7.0736413,34.669388
lack,11,6.9055767,1.1582165,6.3780227,75.96134
opposite,5,6.8768053,1.9284428,7.137778,34.384026
guard,7,6.8468747,4.985277,4.641701,47.928123
girl,13,6.835596,17.264612,9.842408,88.86275
arrived,14,6.789331,0.47512382,7.0860786,95.05064
reflection,6,6.7815094,10.092978,13.809334,40.689056
ladies,12,6.748392,10.435527,9.851599,80.980705
hot,8,6.7148643,1.0135185,6.85368,53.718914
beliefs,6,6.6846757,0.2931768,6.8157887,40.108055
oh,7,6.681585,0.4107264,6.8480525,46.771095
devotion,5,6.644693,4.203029,8.583247,33.223465
marianne,24,6.625563,3.3451085,5.5510473,159.01352
peculiar,6,6.625475,13.90371,10.456288,39.75285
weeks,7,6.5527625,3.7508843,5.3213797,45.86934
occurred,5,6.5411468,7.184198,1.8755978,32.705734
willoughby,7,6.5231805,0.7099316,6.8127375,45.662262
pocket,17,6.516195,1.0970354,5.9946623,110.775314
since,12,6.5092387,6.6247177,3.9295874,78.11086
woodhouse,16,6.494383,1.575383,7.1130776,103.910126
known,19,6.452872,3.708893,5.4969993,122.60456
significant,6,6.4258256,0.10928166,6.378162,38.554955
clothes,8,6.413903,2.0172923,5.6492877,51.311226
hollow,6,6.405213,1.2670863,6.303443,38.43128
neighborhoods,8,6.395889,0.041319218,6.363883,51.16711
divided,5,6.386545,6.7668037,9.75831,31.932726
called,14,6.352304,0.5461335,6.388459,88.93226
appearance,10,6.3348045,10.674617,8.86072,63.348045
hour,17,6.3257923,4.7836266,5.609904,107.53847
rose,11,6.306996,13.372983,6.4282413,69.37695
lydia,10,6.255946,2.3700676,5.4634886,62.55946
darcy,14,6.224305,0.9807171,6.6177235,87.140274
superficial,5,6.211392,0.04050861,6.244467,31.05696
harsh,5,6.164548,3.2444959,7.7539043,30.82274
dismantling,9,6.1518764,0.11386977,6.0727053,55.366886
couple,5,6.1515408,2.6266847,5.56137,30.757704
curious,8,6.125838,2.1048567,5.4827743,49.006702
tea,8,6.087995,1.2758837,6.7289534,48.70396
principles,16,6.0706444,5.513728,6.3950486,97.13031
gave,16,6.060439,2.1927576,5.3968787,96.967026
middleton,10,5.99069,0.5599476,5.898158,59.906902
five,9,5.984451,0.7040262,5.973707,53.860058
mother,36,5.980238,9.074616,6.0347753,215.28856
lucas,6,5.926767,1.7990413,6.6334095,35.5606
day,44,5.8966975,0.57141954,6.2173157,259.45468
observes,6,5.8587766,0.23443943,5.714031,35.15266
felicity,5,5.8565145,0.62594485,5.7347617,29.282572
innovation,7,5.8485594,0.13361461,5.8216634,40.939915
asked,6,5.8404117,0.61773455,5.9269524,35.04247
isn,80,5.801593,0.134317,5.6907015,464.12744
permission,5,5.800897,0.91431725,5.561247,29.004486
her,569,5.779415,12.231707,6.871533,3288.4873
half,25,5.7637963,4.771891,4.5836825,144.09491
went,24,5.7269344,9.703695,6.600456,137.44643
knightley,19,5.6979675,0.73552614,5.799511,108.26138
potential,13,5.6919565,0.707657,5.466641,73.99544
took,18,5.672507,0.77286345,5.9642406,102.105125
other,71,5.6391463,9.460818,4.93075,400.3794
me,122,5.636861,6.7251797,5.0635986,687.697
home,28,5.605536,1.6834787,5.2374525,156.955
resources,14,5.5948725,3.9955165,6.3911552,78.32822
lady,51,5.5568776,14.148428,10.446572,283.40076
along,7,5.545048,3.0401003,4.332858,38.81534
room,39,5.523977,6.4404907,5.7237916,215.4351
churchill,16,5.518482,0.39723298,5.5971594,88.295715
him,213,5.5097065,7.302875,5.9521384,1173.5675
mobility,11,5.502443,0.3372021,5.531004,60.52687
invariably,5,5.495084,4.2233605,6.05256,27.475418
wickham,11,5.485365,1.4472111,5.4422326,60.339016
prison,10,5.480274,1.6807396,4.604472,54.802742
spectacle,9,5.458872,7.780487,8.688203,49.12985
observing,8,5.4233036,4.903605,7.126033,43.38643
told,14,5.408909,0.43533844,5.4249268,75.724724
healthcare,9,5.4006515,0.11128398,5.3582454,48.60586
quiet,22,5.3951187,4.9235954,7.6830735,118.69261
maintain,13,5.3671694,10.507943,10.989123,69.7732
week,8,5.3431864,0.42667493,5.559623,42.74549
coach,5,5.339032,1.2421831,4.850758,26.69516
sunday,6,5.322187,0.20016304,5.4548197,31.933123
entered,13,5.3039575,2.5392444,4.5165997,68.95145
acceptance,12,5.3023376,2.469093,4.711524,63.62805
walked,8,5.2971888,0.801842,5.202981,42.37751
immediately,10,5.2902412,0.9143585,5.189576,52.902412
de,6,5.240537,1.5949495,4.697317,31.443224
although,7,5.2277675,7.925132,1.8513933,36.59437
true,19,5.2105956,6.6385174,9.681373,99.00131
systematically,7,5.1931233,0.21781994,5.133657,36.351864
principle,6,5.1219363,4.0689073,6.791717,30.731617
reality,8,5.1215463,2.4497697,5.8451214,40.97237
fell,6,5.102251,0.43288845,4.9209065,30.613506
again,47,5.0652666,5.222015,4.0177875,238.06754
necessity,8,5.0370045,13.998317,5.706687,40.296036
mere,9,4.9907727,4.299766,6.485995,44.916954
fleeting,6,4.984396,1.5626764,4.4227057,29.906376
ten,5,4.9670496,0.44452313,5.0447164,24.835247
expense,5,4.965739,6.3444085,9.0244465,24.828693
exploitation,6,4.9642253,1.5103738,4.9068727,29.78535
observe,17,4.938612,2.9247453,5.268996,83.956406
had,441,4.9221487,10.5390215,4.735799,2170.6675
before,85,4.91039,15.405277,8.070912,417.38315
afterwards,5,4.8784356,0.64964753,5.359046,24.392178
gate,7,4.875324,0.4833488,4.833144,34.127266
aunt,10,4.861252,9.652215,8.315891,48.61252
communities,7,4.851016,0.1218596,4.7739453,33.95711
horses,6,4.843269,0.4581193,4.710799,29.059612
favourite,5,4.8257313,0.55244213,4.3824644,24.128656
warm,6,4.8081074,2.728893,3.6068614,28.848644
deception,13,4.791297,0.139309,4.6939807,62.286858
social,96,4.778792,2.825223,4.9171963,458.76404
collective,10,4.7486362,0.014537096,4.7486362,47.486362
conscious,6,4.7123876,0.61768293,4.453844,28.274326
next,20,4.7123804,10.774136,4.914382,94.247604
uncle,6,4.7113037,12.737989,7.27931,28.267822
delicate,6,4.6914062,5.0632677,5.643514,28.148438
consistently,8,4.661168,0.86038417,4.322728,37.289345
sat,17,4.6421347,3.3436303,2.783916,78.91629
lingering,7,4.627961,11.110777,10.13972,32.39573
taken,20,4.6096544,8.37741,4.8142614,92.19309
hours,11,4.593133,0.45313242,4.7295284,50.524464
sir,16,4.5873113,16.49489,10.830579,73.39698
made,52,4.585043,19.878382,7.204299,238.42224
conscience,13,4.5711455,6.272284,6.8913283,59.424892
reserve,7,4.569532,1.0573164,4.9021487,31.986723
fate,7,4.5589623,9.313456,-1.6473427,31.912735
sitting,12,4.558277,1.1320286,4.7129803,54.699326
got,16,4.557628,2.7384138,4.4699726,72.92205
fagin,6,4.556541,0.14985098,4.468559,27.339247
set,11,4.5346274,7.5476823,2.1850314,49.8809
return,21,4.533036,8.656947,3.9816682,95.193756
consequence,17,4.525177,8.763893,10.14832,76.92801
back,28,4.5139084,9.350315,5.5815763,126.389435
place,17,4.4160466,11.786003,4.25377,75.07279
die,7,4.3868375,0.38035735,4.2850785,30.707863
did,50,4.3847594,8.720998,3.914449,219.23796
empathy,10,4.3797636,0.064776614,4.412152,43.797634
image,6,4.3462634,0.039036423,4.3472657,26.077581
entirely,12,4.341872,6.5512996,8.155783,52.102467
used,9,4.332558,1.2219162,3.975348,38.993023
works,7,4.3184843,1.2224703,3.2597935,30.22939
was,620,4.31401,12.901317,6.4153705,2674.6863
morrow,7,4.2961717,0.82678425,4.242922,30.073202
my,136,4.2736235,5.272661,3.8837464,581.21277
out,89,4.2636824,12.574861,5.232321,379.46774
boy,8,4.251912,12.541015,8.783705,34.015297
whom,22,4.2413197,5.313396,3.3591013,93.30904
ability,5,4.234706,6.3921022,7.4922137,21.173529
daughter,19,4.1443453,11.595753,7.5141907,78.74256
prioritize,13,4.133422,0.6076756,3.7360115,53.73448
affair,6,4.10599,3.8235724,2.523438,24.63594
charge,7,4.0984135,2.592705,2.989705,28.688894
months,6,4.038581,0.36582747,4.1848016,24.231485
responsibility,6,4.038522,0.29962337,4.2395205,24.23113
create,5,4.016645,0.044260122,3.9945152,20.083225
walk,11,4.0042005,0.29869056,4.059808,44.046207
board,5,3.9984257,0.824572,4.575131,19.992128
started,6,3.9978278,0.67668015,3.9727926,23.986967
pinched,6,3.9892015,1.0694509,3.8724058,23.93521
suffering,16,3.9819787,3.8160472,1.6782256,63.71166
bread,6,3.9803874,14.23578,4.2647533,23.882324
behaviour,9,3.9790082,3.986209,3.5790634,35.811073
prisoner,6,3.8711588,7.7727637,6.9266214,23.226954
pip,5,3.8336308,0.47238106,4.112746,19.168154
variety,9,3.7950351,0.25642872,3.6205044,34.155315
miss,72,3.758273,14.23683,8.422325,270.59564
came,41,3.7528496,6.4386253,4.9099755,153.86684
light,16,3.724521,2.3863764,3.9695253,59.592335
till,25,3.6948686,7.550735,4.8440013,92.37171
struck,9,3.6820102,1.7436017,3.3687062,33.138092
at,294,3.6683228,16.964775,7.871476,1078.4869
copy,5,3.6649394,0.7310611,3.3756905,18.324697
shadow,6,3.663531,6.1701407,4.6766634,21.981186
fire,13,3.6625018,1.1726781,3.3606827,47.612522
near,10,3.6399589,1.7110149,3.0750315,36.39959
either,8,3.6349304,2.3559666,2.6425636,29.079443
mistress,5,3.6346352,6.122458,5.4742517,18.173176
said,35,3.6319282,7.7263308,5.084467,127.117485
fortnight,7,3.61972,0.5064706,3.7040715,25.33804
company,11,3.6196268,4.035601,2.6190233,39.815895
institutions,11,3.5951517,0.2620756,3.5336845,39.54667
under,31,3.5778744,7.3659415,2.2971985,110.91411
stairs,5,3.55576,0.8551805,3.963632,17.7788
structure,6,3.5491536,2.3527896,2.4023442,21.294922
secret,8,3.5412617,1.2249974,3.3304157,28.330093
tm,6,3.518389,0.94611603,2.8493838,21.110334
heard,22,3.5045207,1.2987382,3.1388662,77.09946
dashwood,13,3.49984,1.3461812,3.0452726,45.49792
mud,7,3.4934077,4.7683716e-07,3.4934072,24.453854
existing,10,3.489177,0.4303657,3.451837,34.89177
income,13,3.4863315,6.8898077,7.714805,45.322308
expectation,17,3.4743323,10.475662,9.973233,59.06365
marry,7,3.4728131,0.21928933,3.3329175,24.309692
troubled,5,3.441548,7.1547027,0.952318,17.20774
forward,15,3.43839,2.2210238,3.7978382,51.57585
decay,13,3.438341,5.635861,4.927914,44.698433
desperate,7,3.4288945,2.5462892,2.370256,24.002262
been,160,3.415811,5.4288664,2.6810064,546.5298
itself,28,3.3953593,5.3382144,4.83598,95.07006
growing,12,3.3883152,13.489353,14.6933775,40.659782
soon,46,3.3500721,4.3401103,2.0682282,154.10332
imagination,5,3.3498235,9.801173,1.8156109,16.749117
latter,6,3.3459008,2.9855385,1.4234866,20.075405
stopped,5,3.3377578,0.5866069,3.3036742,16.68879
self,70,3.3206384,2.6919267,3.3714273,232.44469
twenty,7,3.32001,0.38245004,3.4097772,23.24007
influence,15,3.268741,6.353529,6.59766,49.031113
head,16,3.2599282,15.578075,6.7618628,52.15885
greater,8,3.2553997,8.943628,6.3802,26.043198
sacrificed,7,3.235683,0.34428045,3.2994869,22.64978
misery,5,3.2174745,11.056318,10.786964,16.087372
mail,5,3.19198,0.14731182,3.3122594,15.959899
friends,13,3.1698008,7.8273907,3.7681444,41.20741
reveals,5,3.1682775,0.31301895,3.1599092,15.841388
dress,8,3.1648428,9.475727,7.4008512,25.318743
take,22,3.145088,9.352715,2.7655995,69.19193
sense,34,3.1372955,8.951744,9.831265,106.668045
distinction,5,3.1286304,5.868985,7.915307,15.643152
forced,5,3.1178412,0.25672838,3.1608915,15.589207
sentiment,9,3.1112645,0.4309545,3.1039445,28.00138
constant,17,3.1029484,7.704165,7.376961,52.750122
limiting,9,3.1012506,0.4037033,3.0718343,27.911257
arrival,8,3.0939057,0.8218973,3.456915,24.751245
visit,11,3.0928915,8.832903,3.1667612,34.021805
polite,5,3.090266,0.2873288,2.9466014,15.45133
thrown,8,3.0458698,2.312911,2.8367686,24.366959
close,13,3.0431006,3.9580681,1.6311722,39.560307
make,41,2.9995763,4.6059837,2.4615288,122.98263
drew,6,2.981921,0.43104595,2.8936586,17.891525
somewhat,5,2.9800382,12.00989,11.196533,14.90019
contrast,7,2.9742677,7.1930842,-1.3721665,20.819874
fairfax,9,2.9495232,0.59210056,2.7454474,26.54571
spirit,12,2.9438994,3.518692,2.652462,35.326794
seem,5,2.9328918,3.607112,5.1259675,14.664459
suspect,5,2.9028978,0.28224432,3.064566,14.514489
deliberate,8,2.8966656,1.4274588,2.2476072,23.173325
biddy,8,2.8954015,0.44674113,2.9436948,23.163212
days,18,2.8708684,8.676768,4.933346,51.675632
woman,30,2.8411179,5.635103,4.795144,85.233536
knew,20,2.8272095,1.5809512,2.4182029,56.54419
carriage,5,2.79436,2.2083976,1.525001,13.9718
occasionally,5,2.7790923,10.899869,2.787723,13.895462
happy,19,2.7688262,7.0709248,2.0795631,52.6077
part,15,2.7635167,5.4617305,3.449529,41.45275
eye,9,2.7491827,20.214073,7.1314926,24.742645
pronouncements,6,2.7424214,1.69768,2.2947872,16.454529
undoubtedly,5,2.7356813,8.648824,9.570371,13.678407
crucial,12,2.719651,0.47360608,2.6167982,32.63581
down,48,2.7157488,11.054548,5.1165066,130.35594
ultimately,17,2.7085714,1.0633553,2.4846454,46.045715
taking,7,2.6892173,0.58500177,2.8666842,18.824522
fortitude,5,2.673258,3.8714626,2.6131108,13.36629
altogether,5,2.6643417,2.4860215,1.9816093,13.321709
bound,5,2.6481035,2.4959838,3.623356,13.240518
honesty,5,2.6455526,4.241696,4.6331515,13.227763
am,31,2.6360128,5.3459015,2.3035245,81.7164
companion,9,2.6340697,8.696112,4.964772,23.706627
threatened,5,2.6194777,1.6498836,2.1387074,13.097389
treated,7,2.6010225,7.900169,5.5394516,18.207157
dark,7,2.5607867,0.6629435,2.4876657,17.925507
rational,5,2.5336545,6.857692,-0.885998,12.668272
ago,8,2.4851494,1.4821244,2.5181239,19.881195
illness,6,2.478577,0.78387517,2.869049,14.871462
first,54,2.4742813,15.062802,7.5006747,133.61119
he,406,2.473008,11.308963,4.0153685,1004.04126
gutenberg,8,2.4698672,0.12676257,2.568057,19.758938
go,30,2.4654715,7.165017,3.9152136,73.96414
ready,16,2.4605157,1.2509526,2.0082111,39.36825
handkerchief,5,2.4465823,1.4226784,1.8940734,12.232912
run,5,2.4113984,0.7186227,2.135504,12.056992
philosophical,5,2.4099867,8.520804,8.886416,12.049933
evening,19,2.3964367,14.660214,8.743763,45.5323
length,6,2.3780763,0.5574922,2.3441255,14.268457
lie,7,2.362833,5.314332,6.812381,16.539831
shared,7,2.333697,0.23889604,2.1564832,16.33588
dishonesty,6,2.3225756,0.2891838,2.1180918,13.935453
concerns,5,2.2953343,3.6428585,4.199261,11.476671
stone,5,2.2909017,10.761716,6.920282,11.454509
talk,5,2.2531974,0.71646607,2.3132145,11.265987
wine,11,2.2524908,1.8425521,1.9925433,24.777397
bennet,16,2.247571,0.3939572,2.3834176,35.961136
shadows,9,2.2286305,2.0546288,3.1297092,20.057674
countless,5,2.218085,0.9042299,1.7996744,11.0904255
touch,5,2.2157567,1.2155011,2.128006,11.078783
body,16,2.177938,10.262065,3.6946905,34.847008
short,21,2.1726797,12.318777,5.2915926,45.626274
suffered,5,2.1530197,1.3148302,2.090077,10.765099
sorry,9,2.151674,1.764346,2.910783,19.365067
person,25,2.120696,7.0610456,2.592023,53.0174
youth,6,2.1186378,9.200952,2.1639624,12.711827
black,8,2.116972,4.065012,3.8692636,16.935776
saw,45,2.116783,5.1951985,1.7970418,95.255226
expectations,26,2.099691,2.0736878,2.5670261,54.59196
acquaintance,13,2.0980487,2.6707985,1.1390224,27.274632
prevent,5,2.063343,5.7304387,-1.3697004,10.316715
brought,32,2.05958,4.9811716,0.91444415,65.90656
would,132,2.0049179,8.508774,2.0966504,264.64917
waiting,5,1.9843996,0.45951924,1.8781289,9.921998
hear,7,1.9805771,2.0681047,2.1104445,13.864039
compromise,7,1.9731483,1.9125482,1.4482186,13.812038
became,12,1.961886,6.047591,3.9697392,23.542633
tried,13,1.9412575,1.2566916,2.3374016,25.236347
attempted,6,1.9393514,9.481903,2.2471006,11.636108
havisham,5,1.9007629,1.4516511,1.1797799,9.503815
core,6,1.8926548,0.13173366,1.851047,11.355928
estella,5,1.8877413,0.2500209,2.0483098,9.438706
natural,14,1.880413,5.782108,-1.4704285,26.325783
turned,17,1.8600347,3.5430932,0.53483874,31.62059
stay,8,1.8501332,1.0455521,1.8050829,14.801065
receive,8,1.8395171,5.207458,3.0492601,14.716137
contribute,10,1.8342845,0.21925484,1.7397289,18.342846
time,81,1.8267692,11.275864,3.4558551,147.9683
remain,14,1.7803429,6.1241837,6.6382227,24.9248
allowed,5,1.7778137,0.66975,2.1464343,8.889069
here,13,1.7197845,3.931933,0.4180369,22.357199
wanted,16,1.6858985,0.92587537,1.5246367,26.974377
going,13,1.682319,1.5960977,1.7966286,21.870148
universal,6,1.6746317,1.3670367,2.123307,10.047791
have,221,1.6498519,8.907617,1.0092357,364.61728
call,5,1.6488945,1.5140868,0.67553556,8.2444725
give,18,1.6411544,1.2909701,1.0669398,29.54078
herself,77,1.6385131,3.7516406,2.0163615,126.165504
sleep,6,1.6241463,2.7483132,0.5206076,9.744878
led,6,1.6099058,1.9609848,0.7900969,9.659435
evil,10,1.6062737,2.4907808,0.7514087,16.062737
know,48,1.6035614,7.186689,0.44527227,76.97095
beauty,7,1.6028855,3.139086,1.0754808,11.220199
darkness,5,1.5669414,2.9915383,0.46816814,7.834707
meteorological,8,1.5589268,1.2074554,1.4796879,12.471415
beginning,7,1.5531132,0.80741876,1.7041337,10.871793
walking,13,1.5524294,6.7262993,2.8712904,20.181583
valued,5,1.5518436,2.0834262,2.4139228,7.759218
elinor,27,1.5465555,0.80020845,1.4219904,41.757
amongst,6,1.5248371,3.4331772,1.3736948,9.149023
critical,10,1.4903466,2.2769997,2.3058512,14.903465
stood,9,1.4691052,0.7553451,1.4158766,13.221948
party,11,1.4676346,1.89158,0.36179,16.14398
seated,5,1.4537429,4.134735,-1.6298345,7.2687144
bear,10,1.4527482,0.7788521,1.367486,14.527482
demands,8,1.4339279,1.4753488,0.887165,11.471423
another,35,1.4309167,4.719277,3.1553824,50.082085
man,68,1.4307352,8.743926,5.123708,97.28999
general,12,1.422944,8.608389,3.3780773,17.075327
pleasant,10,1.4222374,2.2784488,0.01632402,14.222374
cycle,7,1.3707954,0.68374985,1.0360944,9.595568
dropped,7,1.3611505,12.945676,5.513916,9.528053
affairs,7,1.3566774,13.983498,1.885964,9.496742
servant,5,1.3404859,0.30146378,1.5140446,6.70243
creatures,5,1.3389953,2.0407653,0.57177234,6.694977
women,9,1.3357891,12.17572,3.2295637,12.022101
promise,8,1.3247284,8.746406,2.5050516,10.597827
blindness,5,1.323613,3.2295246,0.8227241,6.6180654
husband,13,1.3090782,13.195977,6.18506,17.018017
attentions,7,1.2938089,9.672404,-2.4677331,9.056663
death,7,1.2659937,8.390246,4.412019,8.861956
aloud,5,1.2659868,1.6052328,0.6394315,6.329934
gentleman,34,1.2572014,0.5473361,1.061252,42.74485
boat,6,1.2420944,7.803738,4.2346315,7.452566
convince,5,1.2390335,3.6837711,-0.73302734,6.195167
cruel,12,1.2145082,1.3948728,1.3622167,14.574099
heavily,6,1.2135755,5.1554894,-2.0605643,7.281453
pattern,9,1.1997476,3.1614285,2.21253,10.797728
increasing,5,1.1758002,8.8524475,-4.6864915,5.879001
them,113,1.1687229,12.612691,3.5745792,132.06569
myself,18,1.1635635,2.7590544,0.85196495,20.944143
environments,5,1.1627672,0.061321832,1.1321062,5.8138356
structures,9,1.1337681,0.21296903,1.2512108,10.203913
never,60,1.1303202,5.599051,-0.5477519,67.819214
penrose,7,1.1276457,3.7236469,3.091116,7.89352
then,47,1.123078,14.708332,5.9538016,52.784664
which,207,1.1195407,14.951123,3.2429533,231.74493
highbury,12,1.1035005,0.3082695,1.2289999,13.242005
shall,15,1.1018376,2.640064,0.6397813,16.527565
present,24,1.0893475,4.207949,1.0561225,26.14434
suspected,6,1.084747,9.449534,5.23609,6.5084815
touched,7,1.0730972,8.735187,1.9037905,7.5116806
essential,6,1.0613623,0.81955194,1.381013,6.3681736
claim,6,1.0403264,3.5772276,3.3816178,6.241958
ill,18,1.0117055,6.1381226,3.2266624,18.2107
simple,7,0.9959444,1.6826794,1.745257,6.9716105
began,24,0.9946501,6.538198,2.2301176,23.871603
netherfield,5,0.99159306,0.0041634804,0.9881936,4.9579654
disappointment,10,0.9863591,5.1346436,4.737437,9.863591
leave,16,0.98011607,7.913655,3.0285735,15.681857
kept,9,0.97660375,2.1118488,0.036130913,8.7894335
readily,8,0.9621699,8.087908,1.2834022,7.697359
fully,6,0.9617784,4.2457547,3.7550266,5.7706704
passed,15,0.9600335,1.4050307,0.4082983,14.400502
validation,5,0.94957006,0.016108394,0.9576243,4.7478504
thought,57,0.94390565,3.4242554,-0.6058613,53.802624
choosing,5,0.9358832,0.24233022,0.73946863,4.679416
formed,7,0.9340101,13.514898,4.296825,6.5380707
beyond,19,0.9256463,3.2553396,1.3736888,17.58728
affectionate,5,0.90315807,1.3714315,0.8292382,4.5157905
barriers,7,0.88880503,0.13753211,0.7696988,6.2216353
farther,8,0.88519716,2.9108446,-0.7361448,7.0815773
worn,6,0.8776844,4.5051165,2.1204576,5.2661066
together,24,0.86824465,6.5111694,0.9544519,20.837872
read,11,0.86761665,2.0680065,0.23939405,9.543783
endure,5,0.86555326,12.530884,-3.793272,4.3277664
hand,23,0.86267203,13.123098,4.0170417,19.841457
come,32,0.8393236,6.061184,0.7885635,26.858355
manners,8,0.833672,2.8383815,-0.30035996,6.669376
large,17,0.83262706,0.6490517,0.7373638,14.15466
beautiful,7,0.7991474,1.0530788,0.51130146,5.594032
private,8,0.79704183,2.5819292,1.6859331,6.3763347
could,170,0.77560633,8.253414,0.46523595,131.85307
attachment,7,0.7598832,6.6836944,3.2411108,5.3191824
heavy,6,0.74834555,4.042024,1.6492121,4.490073
escape,8,0.7448857,0.97444886,0.3807731,5.9590855
dear,20,0.7413191,1.8347417,1.1449374,14.826383
up,91,0.7214265,12.74846,3.5934432,65.64981
balance,5,0.7196838,5.6711807,1.94958,3.5984192
subtle,19,0.719569,0.87091976,0.5706544,13.671812
rich,6,0.7043937,4.2552047,-1.6663892,4.226362
favor,5,0.6975735,0.11982637,0.7647015,3.4878674
excellent,7,0.69258183,1.2141626,0.52804345,4.848073
mentioned,5,0.6886035,0.2499228,0.49531332,3.4430177
conversation,11,0.6685104,8.224705,1.179435,7.353614
surrounding,5,0.6438751,1.1942047,0.9447421,3.2193756
left,29,0.6430532,11.867756,4.749299,18.648542
rest,13,0.6325179,8.066829,1.6054912,8.222733
inconvenience,5,0.6278548,2.4878962,1.6193473,3.1392741
financial,11,0.62592196,1.4489717,0.9549545,6.885142
says,5,0.621791,0.68020844,0.5359502,3.108955
manette,7,0.62138927,0.7269884,0.6703583,4.349725
become,16,0.62093556,3.6471288,2.247475,9.934969
felt,40,0.57799363,7.095615,1.0522912,23.119745
highly,6,0.57481223,2.9815392,-1.0076448,3.4488735
his,426,0.56266284,12.268148,3.3576918,239.69437
lorry,9,0.53037554,0.40459952,0.29608983,4.77338
pleasure,23,0.52776414,2.9515584,0.65850055,12.138575
put,24,0.52710795,10.101645,1.1668338,12.650591
meaning,5,0.5035864,1.9746865,-0.88393396,2.517932
eyes,32,0.4996546,5.17489,2.6735725,15.988947
no,146,0.48948827,8.998325,0.4966328,71.46529
be,331,0.47994894,9.851649,2.2725642,158.8631
every,80,0.4763361,7.482013,0.61765254,38.106888
think,32,0.44227082,5.804169,-1.6494559,14.152666
loved,6,0.43759117,1.378879,0.6778636,2.625547
nor,20,0.43749604,2.0332341,0.16764341,8.749921
want,17,0.43065104,10.262818,0.8958197,7.321068
views,5,0.41272506,0.8313831,0.11678332,2.0636253
neither,11,0.4099871,1.5875866,0.64875984,4.509858
amiable,8,0.38517407,2.7537854,-0.8602016,3.0813925
former,6,0.38496104,7.359969,3.1300857,2.3097663
given,10,0.38409185,5.069291,1.9523754,3.8409185
consequently,14,0.3784751,1.9399173,1.3428283,5.298651
fortunes,7,0.36905807,18.112736,-5.811646,2.5834064
truth,27,0.33855635,3.5831108,1.2343372,9.141022
fabric,7,0.31807968,0.46290225,0.18066818,2.2265577
honour,8,0.3175494,2.532236,0.66590315,2.5403953
fortune,23,0.31658515,1.3787675,0.2894228,7.281459
behaved,5,0.30315122,1.1879169,-0.35016772,1.5157561
thoughts,12,0.29659364,3.3056083,0.3183431,3.5591235
there,103,0.28937268,8.737398,-0.14119849,29.805387
way,41,0.2880522,4.158763,0.8819219,11.810141
anxiety,11,0.28462896,4.1872215,1.9576323,3.1309185
followed,6,0.28303972,14.407949,4.869128,1.6982384
superior,5,0.28104267,3.554002,2.591722,1.4052134
tell,12,0.27276918,6.418448,2.0390613,3.2732303
hastily,7,0.2723887,2.5211704,1.4076263,1.9067209
little,65,0.27036315,8.509425,1.7097858,17.573605
talked,8,0.2636525,4.2908506,-1.8548081,2.10922
your,39,0.26256683,11.338072,1.6033491,10.240107
station,5,0.26222864,7.5029664,3.85272,1.3111432
done,17,0.25761268,12.206656,2.129863,4.3794155
sooner,7,0.2568663,1.5849006,-0.18791924,1.7980641
considered,12,0.23451643,1.661854,-0.15990598,2.814197
son,8,0.21827424,14.097309,5.8554516,1.7461939
on,287,0.21361831,21.790668,7.490065,61.308456
challenge,7,0.20335758,0.21073927,0.22084565,1.423503
capacity,7,0.20156468,2.8247387,1.2314464,1.4109528
happened,5,0.19305806,1.5678083,-0.42606956,0.9652903
expression,8,0.18881905,5.322095,2.1011114,1.5105524
circumstance,15,0.18194784,8.115783,-2.6253097,2.7292175
desire,13,0.17862187,12.876706,2.4892054,2.3220844
gone,19,0.1700574,1.1376173,0.03143449,3.2310905
conduct,10,0.16522591,9.17046,1.0569081,1.6522591
silence,11,0.16373348,3.7950568,-1.3549815,1.8010683
believed,11,0.13298438,2.1276803,-1.0332072,1.4628282
himself,53,0.12258722,4.9166756,0.79717386,6.497123
enjoyed,5,0.11919842,4.637204,3.370521,0.5959921
affection,22,0.09868927,3.150284,0.4914611,2.171164
nature,18,0.09782196,2.164987,0.9967833,1.7607952
neighbourhood,5,0.08866086,1.0699916,-0.40338922,0.4433043
term,11,0.086759545,1.8452257,0.64039433,0.954355
highlights,9,0.07484228,0.74692166,-0.3976706,0.6735805
look,30,0.07461062,4.1934977,-0.03812591,2.2383187
whenever,8,0.0686357,1.1092454,-0.5832374,0.5490856
when,144,0.06214645,17.6738,6.5062084,8.949089
worthy,9,0.05715181,1.4173552,0.590758,0.51436627
name,16,0.033137977,11.535147,5.934566,0.53020763
spirits,15,0.030161066,2.1831276,0.6938489,0.452416
deal,10,0.025443744,2.5951333,-0.7912307,0.25443745
around,6,0.010589321,13.226203,2.5863943,0.06353593
countenance,6,0.006137649,10.423563,-3.6093245,0.036825895
understanding,19,0.0010144335,3.9560366,2.3641822,0.019274235
melancholy,8,-0.007185459,8.966007,-2.8811026,-0.057483673
easy,8,-0.015776277,4.641663,-0.85256284,-0.12621021
road,12,-0.023342991,1.6210529,-0.7549552,-0.2801159
character,13,-0.033663604,8.2727,4.166725,-0.43762684
thousand,9,-0.044386283,0.9701352,-0.6227698,-0.39947653
bright,6,-0.044453308,1.5202042,-0.13876422,-0.26671985
ever,30,-0.045181453,5.7563677,0.26016968,-1.3554436
speaking,5,-0.04544697,2.4134035,0.19806585,-0.22723484
disposed,6,-0.048808396,0.78931946,-0.2575749,-0.29285038
anybody,5,-0.049414635,3.0968094,-0.26654083,-0.24707317
common,15,-0.0596948,2.1141398,-0.6584368,-0.895422
lay,16,-0.07837497,0.7645049,-0.25137395,-1.2539995
whose,28,-0.08615693,1.8908733,-0.8056148,-2.412394
concern,5,-0.09434681,7.0961056,0.7686464,-0.47173405
do,68,-0.0965319,12.676587,1.3255061,-6.564169
perhaps,29,-0.102241255,2.765358,0.86114377,-2.9649963
meant,6,-0.10574821,3.3025916,-1.1436336,-0.63448924
condition,5,-0.11134162,4.399172,1.3367624,-0.5567081
worse,7,-0.12260073,2.7858033,0.19072235,-0.8582051
father,29,-0.14289592,10.04107,3.5671415,-4.143982
contemporary,7,-0.14467181,0.16996145,-0.05449593,-1.0127027
prospects,7,-0.15865625,9.450755,6.633566,-1.1105938
disposition,14,-0.17200474,1.6125458,0.034687065,-2.4080665
source,7,-0.18497686,2.0279312,0.32414508,-1.2948381
jew,9,-0.20779294,0.43697366,-0.27230677,-1.8701365
practical,5,-0.2095006,1.5522329,0.43632615,-1.047503
looked,34,-0.21673906,1.4941367,-0.8192382,-7.369128
imagine,12,-0.22189946,2.2483118,-0.14168096,-2.6627936
church,5,-0.22287571,0.49996877,0.09931852,-1.1143786
poor,17,-0.25272903,5.7510395,-3.8857186,-4.2963934
sensibility,9,-0.2638048,1.0695065,-0.29568714,-2.3742433
suffer,5,-0.29403305,4.2646675,0.84273654,-1.4701653
immediate,5,-0.2995528,1.1568695,-0.89034826,-1.497764
convinced,6,-0.3025836,3.7359087,-1.0197514,-1.8155017
follow,6,-0.31055892,4.9576883,2.1157265,-1.8633535
fortunate,12,-0.31369334,2.7038903,1.0925467,-3.7643201
late,9,-0.35567135,19.964083,7.3440647,-3.2010422
so,183,-0.36021635,9.592334,0.45283473,-65.91959
young,63,-0.39746794,13.626721,5.7478333,-25.04048
ideas,5,-0.40670532,3.1581936,1.6776707,-2.0335267
cold,17,-0.4174758,4.5669336,1.2273635,-7.0970883
distinguished,6,-0.42092416,5.569694,-1.7346215,-2.525545
any,124,-0.42646745,8.734746,0.14097117,-52.88196
alas,5,-0.43265647,0.17169993,-0.3785873,-2.1632824
pull,5,-0.43566066,0.77002263,-0.29677188,-2.1783032
open,11,-0.43717757,12.484723,4.173161,-4.8089533
thing,38,-0.4445128,8.070392,0.28446257,-16.891487
face,26,-0.4466464,2.949342,-0.334,-11.612806
sure,19,-0.47500134,2.522896,-1.7921293,-9.025025
corruption,42,-0.4803227,2.284415,-1.2181466,-20.173553
praise,5,-0.49591732,1.7414945,-0.62353647,-2.4795866
painful,8,-0.49814492,2.4721138,0.43669492,-3.9851594
souls,5,-0.4995242,1.4862305,-0.2615752,-2.497621
as,429,-0.5104661,14.633892,4.6375756,-218.98996
otherwise,9,-0.5241048,1.7002481,-0.9319345,-4.716943
scarcely,24,-0.5241158,12.088327,-6.9829392,-12.578779
hartfield,9,-0.53438616,1.5430216,-0.5993659,-4.8094754
nobody,7,-0.5370835,1.8707962,0.14440686,-3.7595847
living,11,-0.5424935,2.1365466,-0.7942543,-5.9674287
allow,10,-0.5431448,4.2706275,0.21631208,-5.431448
compassion,15,-0.54393536,3.5386693,0.33198115,-8.15903
remember,5,-0.5484344,1.8241848,-0.55999506,-2.7421718
needs,7,-0.5571145,0.10114768,-0.54445827,-3.8998013
directly,14,-0.5589733,5.0903025,0.99679375,-7.8256264
comfortable,8,-0.58141005,2.617504,-0.7913612,-4.6512804
calling,8,-0.593519,0.57288396,-0.6985445,-4.748152
willing,5,-0.6117677,2.6072326,0.56082475,-3.0588386
fast,5,-0.6207156,1.9043702,-1.4616098,-3.103578
white,12,-0.6234533,10.718465,5.309622,-7.4814396
feel,17,-0.64010745,5.600017,0.5454197,-10.881826
seen,16,-0.65534616,1.505944,-1.0299292,-10.4855385
away,35,-0.6603668,10.703419,1.7260349,-23.112837
forgotten,9,-0.7148287,10.186012,-5.9566383,-6.433459
weakens,6,-0.7157677,0.12577091,-0.77201414,-4.294606
force,5,-0.7255624,5.560217,-0.8596786,-3.627812
exposed,5,-0.7293584,1.8394139,-1.6929506,-3.646792
difficult,6,-0.7467393,3.157823,-1.3277333,-4.480436
fancy,5,-0.74680173,8.58337,3.4677553,-3.7340088
word,11,-0.75349814,2.1724157,-0.5194803,-8.28848
giving,10,-0.75870025,6.5253077,1.8162811,-7.5870023
water,15,-0.78752154,7.4992967,1.7334563,-11.812823
earnest,9,-0.7955096,5.2373343,1.0491638,-7.159586
idea,10,-0.7995431,2.3236854,-1.5645304,-7.995431
psychological,5,-0.8257942,0.17890482,-0.97186935,-4.128971
making,15,-0.8362652,13.310224,2.726088,-12.543978
creature,5,-0.83947736,3.7828896,0.61420304,-4.1973867
risk,5,-0.86872417,2.5417955,0.53809214,-4.343621
figure,9,-0.86933666,3.133534,0.6274135,-7.82403
you,141,-0.8712613,15.463394,3.523332,-122.84784
low,9,-0.8745214,5.232322,0.12708744,-7.8706923
favour,10,-0.88625383,1.9916118,0.14136183,-8.862538
within,44,-0.88690186,2.1106656,-0.9342336,-39.02368
previous,5,-0.8956107,11.439958,4.135941,-4.4780536
notice,13,-0.91959214,5.0782976,0.8450764,-11.954698
pleasing,6,-0.92538214,4.5723114,-2.139918,-5.552293
suspicion,7,-0.941074,2.0947125,-1.4761826,-6.587518
see,47,-0.9464777,6.3605394,-0.77261436,-44.48445
believing,6,-0.95450705,2.4359233,0.18672867,-5.727042
respectable,7,-0.97778255,7.4821506,-4.490848,-6.8444777
precisely,7,-0.99084044,5.545697,-3.0804281,-6.935883
seek,5,-1.0158751,0.90024143,-0.5246241,-5.0793757
pretty,6,-1.0254155,1.2264917,-0.9754287,-6.1524935
expect,6,-1.0336562,2.846849,-0.89102095,-6.201937
object,12,-1.0408368,4.8024387,-3.4895492,-12.490042
usual,12,-1.0489659,1.1645627,-0.82792026,-12.587591
some,98,-1.0544899,6.91697,0.06420977,-103.340004
wish,23,-1.0567698,2.726255,-2.5768096,-24.305706
judgment,7,-1.0751235,4.82881,-0.17480904,-7.525865
sight,7,-1.0865916,1.8506451,-2.4870665,-7.606141
consideration,8,-1.0984585,2.803227,-0.99628425,-8.787668
refund,5,-1.1060902,0.6038007,-0.80418986,-5.530451
plump,5,-1.1205485,2.3578715,-1.8949869,-5.602742
likely,7,-1.1227183,2.45836,-1.1397413,-7.8590283
being,92,-1.1375611,12.846386,3.1940362,-104.655624
prevented,7,-1.1476511,2.047287,-1.0662211,-8.033558
quite,29,-1.147984,3.76447,-0.66231173,-33.29154
lasting,5,-1.1547501,6.334504,-5.731071,-5.7737503
knowing,7,-1.1585519,3.3151956,-0.9737036,-8.109863
coming,9,-1.1621855,8.241518,1.1526278,-10.45967
nothing,47,-1.1627406,4.1348815,-2.2486475,-54.648808
experiences,5,-1.1630657,0.09049928,-1.0891733,-5.8153286
mind,46,-1.1710266,4.6289454,-1.9759766,-53.867226
mark,5,-1.1738031,16.984175,7.5920706,-5.869015
spoken,6,-1.1744078,0.33816022,-1.3467898,-7.0464473
fixed,6,-1.2030638,1.6563857,-0.99523973,-7.218383
fault,5,-1.2229422,5.046776,-2.300047,-6.1147113
security,11,-1.2251235,1.7760377,-0.82362205,-13.476359
intended,7,-1.233307,2.4009502,-0.4602249,-8.633149
defarge,10,-1.2564505,0.5149925,-1.0245469,-12.564506
greatest,6,-1.2587348,5.376737,-4.1099143,-7.552409
perfectly,12,-1.2765299,1.8317747,-1.3858644,-15.318358
old,49,-1.2766193,7.4811745,1.1451622,-62.554344
than,119,-1.2798395,11.596773,1.3344423,-152.3009
say,39,-1.2916737,3.6913455,-2.113931,-50.375275
obliging,5,-1.2959414,0.18283397,-1.1572738,-6.479707
now,65,-1.3144903,6.8174963,0.033668853,-85.44187
demand,5,-1.31741,1.7235012,-0.58387333,-6.58705
high,14,-1.3214092,7.3061137,0.053720087,-18.49973
remained,10,-1.3353102,1.311059,-1.9218447,-13.353103
welcome,5,-1.3361025,0.805694,-1.2941067,-6.6805124
situation,7,-1.3425436,4.342376,0.51210374,-9.397805
simultaneously,6,-1.3433784,0.7031099,-1.3907251,-8.06027
rather,35,-1.3625299,2.0976677,-1.5287766,-47.688545
growth,7,-1.3634421,0.61652,-1.325585,-9.544094
interested,7,-1.364336,2.423168,-0.33075052,-9.550352
overt,7,-1.3655735,0.56941515,-1.4355865,-9.559014
agreeable,10,-1.3750894,1.5317976,-1.7824187,-13.750895
stream,5,-1.3909975,4.4086595,-2.186115,-6.9549875
everyday,11,-1.3954663,0.85140306,-1.1428943,-15.350129
vain,6,-1.4298242,0.8107768,-0.93800485,-8.578945
heart,39,-1.4301614,9.240677,3.8739936,-55.77629
carried,5,-1.4317335,5.741258,0.9614571,-7.1586676
disgrace,5,-1.4335908,2.733917,-2.8211014,-7.167954
trembling,5,-1.4399115,2.3591998,-1.7284771,-7.1995573
subject,19,-1.4431,1.470648,-2.1134646,-27.4189
journey,5,-1.4434422,2.3050644,0.20967402,-7.2172112
season,7,-1.4470909,40.051334,9.00604,-10.129636
like,57,-1.4523133,16.908957,3.3391483,-82.78186
spoke,8,-1.4590528,1.4603491,-1.4642323,-11.672422
prospect,7,-1.4671602,6.9268293,-4.0243144,-10.270122
manner,17,-1.4796412,3.1191676,-1.0694276,-25.1539
regardless,5,-1.4803061,0.29657564,-1.4242574,-7.4015307
operates,7,-1.4819613,0.13671559,-1.5377752,-10.373729
should,111,-1.5094839,7.3201127,-0.2938144,-167.55272
policies,11,-1.5158623,0.25812772,-1.4680755,-16.674486
share,7,-1.5202065,2.8317988,-1.4117398,-10.641445
connections,7,-1.5205435,0.5629144,-1.9931943,-10.643805
suitable,5,-1.5310417,1.7529609,-1.9419045,-7.6552086
period,8,-1.5421913,8.975801,1.8893125,-12.33753
use,12,-1.556485,9.012034,1.699352,-18.67782
has,34,-1.5716561,12.167355,0.4591975,-53.436306
feels,7,-1.5762796,2.4016187,-2.4347649,-11.0339575
concord,5,-1.5847582,0.0,-1.5847582,-7.923791
really,21,-1.5901098,5.674977,-1.1428777,-33.392307
news,8,-1.5928429,7.29444,1.0839679,-12.7427435
wished,9,-1.6115986,1.8672056,-1.8173767,-14.504388
especially,7,-1.6165911,3.1938941,-3.1645775,-11.316137
agitation,5,-1.6185726,1.7965198,-0.96910477,-8.092863
consider,33,-1.6196978,1.4544997,-2.1528301,-53.450027
hopes,5,-1.6250279,3.705572,0.1606405,-8.125139
daughters,7,-1.625445,14.11195,3.5862408,-11.378115
hunger,6,-1.6305336,1.3252001,-2.0459163,-9.783201
number,6,-1.6672198,8.733869,1.7474597,-10.003319
kindness,11,-1.6717968,3.140518,-2.7015395,-18.389765
attempt,9,-1.6752907,6.1543646,0.27188697,-15.077617
seeing,9,-1.6805178,1.6245387,-2.7000315,-15.1246605
sometimes,6,-1.7071152,5.1368523,-0.15397482,-10.242691
among,15,-1.715533,2.0834045,-1.8349587,-25.732996
hold,8,-1.723617,8.529746,-1.6424968,-13.788936
circumstances,19,-1.747411,2.4948976,-2.4749734,-33.20081
doors,9,-1.7853521,12.839417,4.737608,-16.068169
background,5,-1.7879299,1.4985055,-1.0386772,-8.93965
fact,8,-1.797643,1.7582767,-1.776243,-14.381144
inclination,8,-1.7981515,3.7759128,-3.27024,-14.385212
wonder,10,-1.7999576,4.109903,-0.4499678,-17.999577
instance,8,-1.8059666,3.9754145,-2.7791939,-14.447733
sought,5,-1.8086059,1.0724936,-1.8507897,-9.04303
laws,6,-1.816822,0.8638334,-2.092068,-10.900932
much,69,-1.8236259,3.8764343,-3.4826148,-125.83019
leaves,5,-1.8274305,5.365311,1.957169,-9.137153
caution,5,-1.828359,1.350143,-1.1624522,-9.141795
strength,6,-1.833085,2.4357624,-1.2013261,-10.998509
establishment,5,-1.845459,3.8624485,-1.8737092,-9.227295
afraid,5,-1.8472652,2.190539,-3.2546732,-9.236326
fog,10,-1.8547528,1.2404603,-1.665335,-18.547527
laid,13,-1.8586763,1.2480484,-1.9293736,-24.162792
men,16,-1.8618104,14.480793,5.9153094,-29.788967
amusement,5,-1.8661938,4.315153,1.2244766,-9.330969
motives,6,-1.8713845,1.543315,-1.5506445,-11.228307
naturally,8,-1.8780661,2.1375594,-1.5996141,-15.0245285
satisfied,6,-1.8809534,3.0057726,-3.5211346,-11.285721
easily,11,-1.8860748,2.8038406,-3.2757232,-20.746822
point,10,-1.8889593,6.9078703,0.7745434,-18.889593
caught,5,-1.9440422,9.06888,2.227631,-9.720211
speak,20,-1.9482456,1.9080129,-2.568838,-38.964912
seriously,6,-1.9498124,3.8926466,-1.2019899,-11.698874
state,17,-1.9547638,1.5061541,-2.1457396,-33.230984
sort,16,-1.9573554,3.6447115,-3.3926332,-31.317686
considerations,6,-1.9579917,2.5209744,-0.50553167,-11.747951
until,19,-1.9586358,20.177862,6.41561,-37.21408
determined,14,-1.9604872,1.954768,-2.099765,-27.446821
honest,7,-1.9626523,1.8789922,-1.8397626,-13.738566
safe,13,-1.9637642,3.30109,-4.8311567,-25.528934
example,6,-1.9673009,1.0674106,-2.5717,-11.803805
lives,11,-1.9674411,3.264274,-2.774377,-21.641851
dangerous,5,-1.9698032,2.1900442,-3.1649215,-9.849016
actually,6,-1.9733087,5.4445944,-0.8858851,-11.839852
external,5,-1.9774811,0.39976397,-2.303887,-9.887405
gain,8,-1.9870064,2.534247,-3.4343648,-15.896051
reasonable,6,-1.989996,3.3118174,-1.9221381,-11.939976
almost,17,-1.9914693,1.648254,-2.5134883,-33.854977
enough,33,-2.000844,5.8753138,-1.4225619,-66.027855
rendered,5,-2.0050895,2.6871512,-0.95550346,-10.025448
trust,16,-2.0068889,1.3476366,-2.37212,-32.11022
future,15,-2.007136,1.5199193,-1.648375,-30.10704
sudden,11,-2.013662,1.9141873,-2.678105,-22.150284
words,10,-2.0254006,7.926962,-0.7290037,-20.254005
presented,8,-2.0371354,9.532976,3.953218,-16.297083
interesting,6,-2.0383394,3.013777,-2.684903,-12.230036
obliged,12,-2.0473597,1.254468,-2.5991416,-24.568316
discourse,5,-2.051226,7.4091234,-6.119791,-10.256129
cause,10,-2.0518336,3.864445,-3.7651715,-20.518337
violent,7,-2.0538032,1.1709017,-2.097089,-14.376623
believe,14,-2.0631514,3.723201,-1.8756669,-28.884119
above,15,-2.068292,3.0034547,-1.3039677,-31.02438
whole,20,-2.0695057,2.7404373,-2.6344185,-41.390114
will,62,-2.0914552,14.109267,3.2690873,-129.67023
reason,15,-2.0939755,2.8652368,-2.7274046,-31.409634
indeed,18,-2.0991912,3.5334272,-2.1354752,-37.785442
answer,7,-2.1136956,0.49550325,-2.4147942,-14.79587
an,133,-2.1200862,12.0410185,3.5919025,-281.97147
project,8,-2.128302,0.3003486,-2.1773536,-17.026417
nearly,6,-2.1285715,0.68853843,-1.8594844,-12.771429
drawing,7,-2.1310127,1.2207007,-2.4153445,-14.9170885
estate,10,-2.1314588,6.191735,2.3839114,-21.314589
london,17,-2.1444123,18.591331,9.3648815,-36.45501
drawn,5,-2.1492107,0.4819716,-1.7633477,-10.746054
thus,9,-2.1512218,1.9173453,-1.9583966,-19.360996
play,6,-2.166599,17.838255,5.5791674,-12.999594
generally,10,-2.1733022,2.3151202,-2.9289281,-21.733023
seldom,6,-2.182169,3.0887408,-2.1690786,-13.093014
protect,6,-2.1964443,1.9281765,-1.4761888,-13.178666
looking,17,-2.2016935,4.1223226,-0.96811426,-37.42879
cycles,5,-2.205049,0.06047138,-2.2544239,-11.025246
early,15,-2.2057903,13.608656,4.490823,-33.086853
kind,20,-2.2224412,2.9815817,-2.0301194,-44.448826
service,5,-2.2229419,7.574329,0.2143146,-11.11471
both,29,-2.22426,15.299031,3.476695,-64.50354
silent,14,-2.2244916,3.0447109,-3.173131,-31.142881
if,118,-2.2276042,12.361988,1.2199409,-262.8573
new,10,-2.2332244,11.010984,3.2172031,-22.332245
human,22,-2.2399864,2.0270922,-3.0118566,-49.2797
money,11,-2.2459497,8.082022,0.15063643,-24.705446
weather,10,-2.2548652,3.1427839,-1.6361223,-22.54865
long,50,-2.2557788,4.640813,-1.5769944,-112.78894
able,13,-2.2602775,2.8535705,-2.6633027,-29.383608
longer,11,-2.2635367,2.2786398,-3.6330645,-24.898905
cannot,9,-2.2670107,2.2127864,-2.7480948,-20.403095
observed,8,-2.2748718,1.0760224,-2.3159292,-18.198975
account,8,-2.2754145,2.5182335,-3.6504953,-18.203316
least,14,-2.2838914,5.302349,-0.6993243,-31.974482
eligible,5,-2.2944171,6.28047,-4.370877,-11.472086
means,17,-2.2986484,1.5508053,-3.0592768,-39.077023
society,59,-2.3139873,1.5428898,-2.4426632,-136.52525
offering,5,-2.3216176,3.614632,0.17967789,-11.608088
only,66,-2.3243005,12.730012,1.909146,-153.40384
having,34,-2.3275034,10.310421,1.0222411,-79.13512
find,12,-2.3326676,5.382283,-1.2056746,-27.99201
regard,12,-2.3371553,4.800112,-3.4636106,-28.045864
clear,7,-2.3491118,3.282081,-4.5805163,-16.443783
regret,5,-2.3573613,3.9283853,-1.3824694,-11.786807
towards,31,-2.3675368,3.7409945,-3.9224858,-73.39364
therefore,17,-2.367623,1.3263812,-2.017718,-40.24959
care,12,-2.371968,6.335404,-1.9331336,-28.463615
narrow,5,-2.3726664,7.92984,-6.2075615,-11.863332
direct,6,-2.373789,7.683714,-4.0340424,-14.242735
sensible,9,-2.379401,1.9060472,-1.7897013,-21.414608
might,93,-2.3814847,8.707167,0.17268777,-221.47807
emotional,13,-2.3837142,0.47567633,-2.210498,-30.988285
pride,8,-2.3953662,2.1299899,-2.258227,-19.16293
seemed,35,-2.398653,3.4139175,-2.4220622,-83.95286
marriage,22,-2.4041429,4.2433186,-1.2697303,-52.891144
induced,5,-2.4159274,0.39575586,-2.1322024,-12.079637
still,30,-2.4189715,4.2345467,-3.7264054,-72.569145
proved,7,-2.4201846,1.3785753,-2.8700333,-16.941292
mutual,5,-2.4222245,5.43042,1.5274318,-12.111122
perfect,5,-2.4255326,6.734834,0.57581544,-12.127663
must,121,-2.4659846,4.064944,-2.827486,-298.38412
found,36,-2.4686544,13.215673,4.5203214,-88.87156
deep,14,-2.47702,2.2294924,-3.2812014,-34.67828
observation,11,-2.482771,3.4388127,-5.494806,-27.31048
full,12,-2.492214,6.0572696,-0.4702651,-29.906569
brother,14,-2.496299,17.629389,7.4418244,-34.948185
street,15,-2.4993703,10.303425,2.7264032,-37.490555
hoped,5,-2.5048232,0.6633338,-2.836622,-12.5241165
upon,92,-2.510421,4.1464815,-2.6406562,-230.95872
less,29,-2.5142055,2.4371474,-2.9533663,-72.91196
because,18,-2.515063,13.546898,1.2484922,-45.271133
engaged,7,-2.5322442,3.1875198,-1.1743424,-17.72571
feelings,19,-2.5483277,5.102224,-2.7301497,-48.418224
equally,13,-2.5568335,8.250819,-6.670624,-33.238834
likewise,5,-2.5634825,0.42343298,-2.8986814,-12.817412
question,10,-2.5662293,1.8427397,-2.3071368,-25.662294
its,70,-2.568505,3.2757733,-3.977313,-179.79535
into,88,-2.5758524,13.354271,2.7361033,-226.675
conviction,5,-2.5764794,0.65607154,-2.3623788,-12.882397
something,15,-2.579888,5.4142494,-3.6443334,-38.698322
actively,11,-2.604534,3.0408885,-4.124614,-28.649872
everybody,7,-2.6164627,1.7118447,-3.2921054,-18.315239
elder,5,-2.6305413,3.6024945,-5.436763,-13.152706
mean,6,-2.6342962,0.7157177,-2.5237503,-15.805778
supposed,5,-2.634812,0.7054449,-2.9982991,-13.174061
community,5,-2.6395268,0.0,-2.6395268,-13.197634
experience,11,-2.6532042,3.620659,-4.103382,-29.185246
absence,8,-2.658924,1.0449433,-2.502771,-21.271393
knowledge,10,-2.6984115,5.9610825,-1.4100751,-26.984114
glances,5,-2.7064738,2.223517,-2.837396,-13.53237
very,150,-2.7303271,6.1432223,-1.753674,-409.54907
love,21,-2.7359633,12.4594345,2.567056,-57.45523
constantly,5,-2.7375708,5.3486996,1.3551294,-13.687854
assured,8,-2.7712626,1.8370734,-3.4490938,-22.170101
real,9,-2.772931,3.1035063,-3.3114243,-24.956379
confidence,13,-2.7780592,2.8741968,-3.1901102,-36.11477
feeling,14,-2.7786238,3.960116,-2.880181,-38.900734
building,7,-2.7980628,3.446344,-2.6919036,-19.58644
else,16,-2.8102443,5.776115,-2.897747,-44.96391
power,22,-2.8142042,1.2152177,-2.8889232,-61.91249
accepted,8,-2.8204925,4.1516595,-1.9203473,-22.56394
pain,9,-2.8423867,10.20055,2.4957612,-25.58148
fear,13,-2.8463,8.010535,-4.0823174,-37.0019
met,8,-2.84877,12.400462,3.9205356,-22.79016
turn,7,-2.8591187,5.4937253,-0.9845536,-20.01383
focus,5,-2.8593922,0.22231865,-2.7926505,-14.296961
convenience,6,-2.861758,0.60669667,-2.8346682,-17.170547
same,21,-2.8720646,8.060528,1.0434855,-60.313354
particularly,30,-2.8795485,1.4001107,-2.873254,-86.38646
acknowledged,8,-2.8832889,1.7747453,-3.509544,-23.06631
opinion,10,-2.8838668,4.0516877,-3.599163,-28.838667
opportunity,21,-2.8925967,1.4219325,-2.3096566,-60.744534
aware,5,-2.896737,0.8473795,-3.0238864,-14.4836855
extremely,8,-2.910439,1.7962507,-3.6689315,-23.283512
certain,19,-2.922598,2.1162145,-3.958924,-55.529358
surely,5,-2.9249098,4.0929527,-2.3440964,-14.624549
neglect,6,-2.927409,7.344072,-5.181986,-17.564453
hard,8,-2.9353204,9.0906725,-1.2609115,-23.482563
offer,7,-2.9399455,7.9976563,1.8909762,-20.579618
help,5,-2.9480762,17.786898,-1.192021,-14.740381
begun,6,-2.95193,2.0317373,-3.2876248,-17.71158
people,31,-2.9575016,7.7353153,-1.8005251,-91.68255
forth,5,-2.9641128,1.5713183,-2.7168505,-14.820564
times,10,-2.976045,12.423852,2.9462965,-29.760448
strong,12,-2.986727,2.3334665,-3.6063623,-35.840725
all,212,-2.9879584,16.181946,1.4497331,-633.4472
importance,7,-2.990373,10.73135,-4.724059,-20.93261
addressed,6,-2.9984324,2.7512958,-4.898839,-17.990595
pursuit,12,-3.003607,0.5461271,-3.0379884,-36.043285
great,55,-3.0054777,3.2970014,-3.4986885,-165.30127
compromises,12,-3.022027,0.91832334,-3.166315,-36.264324
too,51,-3.0512824,5.6661134,-1.7054737,-155.6154
streets,13,-3.0622153,2.7204804,-1.927877,-39.8088
awareness,8,-3.0737765,0.23770428,-2.9337301,-24.590212
themselves,16,-3.081267,2.8206558,-4.2496376,-49.300274
family,74,-3.0895307,6.6839404,0.6006187,-228.62527
doing,6,-3.08974,10.24268,-0.31489268,-18.53844
related,6,-3.0934603,4.0626745,-1.3965325,-18.560762
end,11,-3.1046827,13.879231,3.172281,-34.15151
far,42,-3.1301632,4.211946,-2.2854226,-131.46686
raised,5,-3.1437783,9.166946,0.77697086,-15.718891
keep,7,-3.1719608,5.577083,-1.5893222,-22.203726
hope,24,-3.1916716,2.9595833,-4.215219,-76.60012
removed,10,-3.197207,15.675524,5.654299,-31.97207
equal,6,-3.2227144,2.0858927,-4.139142,-19.336287
dreadful,7,-3.2555559,2.9472442,-3.208329,-22.78889
intelligence,8,-3.261362,1.541658,-3.789849,-26.090897
fingers,8,-3.2790236,15.3961115,4.7388825,-26.23219
own,91,-3.2824872,4.8094473,-2.1080291,-298.70633
required,5,-3.309389,3.9782138,-2.5723276,-16.546946
work,24,-3.312217,12.293038,-0.7285543,-79.49321
rarely,8,-3.3483477,0.40298897,-3.4595642,-26.786781
standing,7,-3.3567593,0.96033406,-2.865245,-23.497314
us,40,-3.368426,10.0601225,2.1355948,-134.73705
voice,8,-3.4041905,2.9498665,-2.7038174,-27.233524
blind,8,-3.4132009,3.5380352,-4.9877024,-27.305607
moment,30,-3.4569726,1.6893044,-3.4618783,-103.709175
certainly,7,-3.4711645,2.0300336,-4.6330037,-24.298151
attention,14,-3.483297,3.682009,-4.110798,-48.76616
view,5,-3.4867234,3.742905,-5.4453278,-17.433617
well,53,-3.4931827,13.681626,2.0234177,-185.13869
express,6,-3.5178688,2.0674229,-4.098486,-21.107212
alone,17,-3.5326006,5.467048,-1.2572453,-60.05421
respect,12,-3.5335305,5.0024114,-0.2649063,-42.402367
shape,5,-3.535123,1.131721,-4.443616,-17.675615
fair,11,-3.5420282,5.306212,-0.4095891,-38.96231
provided,6,-3.5430682,7.277824,1.4258081,-21.25841
systems,8,-3.5557532,0.09460058,-3.5672224,-28.446026
better,33,-3.562531,7.8382745,-2.7965755,-117.56352
following,11,-3.5652807,16.01904,4.843098,-39.218086
behind,12,-3.5695982,6.030935,-0.21140282,-42.83518
grown,5,-3.5911927,2.551467,-5.3775673,-17.955963
interactions,6,-3.5915549,0.39774573,-3.4349325,-21.54933
due,7,-3.598612,9.008215,1.3175114,-25.190285
what,113,-3.600159,8.245995,-2.4048853,-406.81796
whether,23,-3.6214914,6.8109283,-1.3202326,-83.294304
comfort,18,-3.6242447,4.9009295,-4.124329,-65.236404
purpose,8,-3.6387806,1.6377631,-4.479063,-29.110245
allows,5,-3.6459835,0.23883632,-3.8409927,-18.229918
resolved,15,-3.6707473,2.918468,-3.4582956,-55.06121
merit,6,-3.6795504,3.4160285,-4.933123,-22.077303
gentlemen,15,-3.6796892,11.654818,2.6631136,-55.19534
exceedingly,8,-3.7215352,2.5527976,-5.015836,-29.772282
choose,5,-3.733652,1.988907,-2.1864538,-18.66826
good,56,-3.7562916,13.0847225,0.16788024,-210.35233
understand,9,-3.768197,5.371481,-3.4391818,-33.913773
many,46,-3.797555,7.0848255,-1.5623537,-174.68753
allowing,7,-3.8215692,8.40077,-10.03526,-26.750984
who,126,-3.8447673,16.831165,2.1734843,-484.44067
wholly,6,-3.862888,2.6530857,-4.020962,-23.177328
romantic,10,-3.8751602,3.5054927,-4.977561,-38.751602
such,120,-3.883352,12.952086,1.793477,-466.00226
housing,5,-3.8882744,0.32738507,-3.8099036,-19.441372
arose,5,-3.8925571,0.46568844,-4.2713594,-19.462786
case,12,-3.9513943,16.321106,2.610478,-47.416733
ground,8,-3.970459,13.777875,3.8383532,-31.763672
strongly,6,-3.9951553,1.8953347,-3.9319692,-23.970932
pursue,7,-3.9966507,0.44936013,-3.9767778,-27.976555
most,77,-4.0024447,8.602202,0.03720004,-308.18826
they,184,-4.0065026,15.792503,1.9207394,-737.1965
doubt,14,-4.012098,5.3046713,-7.5407043,-56.16937
once,39,-4.036555,5.420842,-1.5444314,-157.42564
sake,7,-4.0454435,4.1428986,-5.7939687,-28.318104
hardly,9,-4.0477057,5.8777313,-6.735645,-36.42935
evidence,5,-4.069993,5.1423497,-7.8656826,-20.349964
internal,7,-4.0901074,0.22229949,-4.2826242,-28.63075
discriminatory,5,-4.099491,0.20231166,-4.2646775,-20.497456
personal,29,-4.10619,0.6232366,-4.0228505,-119.07951
tide,6,-4.1144423,1.6119456,-4.488785,-24.686653
tears,8,-4.1186876,8.452681,0.93558913,-32.9495
ought,16,-4.1375737,3.0787742,-3.5449698,-66.20118
ferrars,7,-4.1386666,4.9062757,-1.1434762,-28.970665
colour,5,-4.1463623,6.8767815,-9.183713,-20.731812
expected,14,-4.1657457,7.9569006,0.15041581,-58.320442
peace,6,-4.1835284,2.3502889,-3.9430268,-25.10117
how,61,-4.194084,6.9228864,-4.654244,-255.83914
small,26,-4.1965346,5.333802,-7.242867,-109.1099
familiar,5,-4.231621,1.2662446,-4.6000104,-21.158104
happiness,16,-4.2417912,8.813838,-7.8210883,-67.86866
position,6,-4.256473,13.491876,-0.49724346,-25.538837
terms,6,-4.257664,3.003739,-4.6843557,-25.545986
charitable,5,-4.289192,5.649046,-8.841608,-21.445961
by,275,-4.293926,16.533915,5.2778125,-1180.8296
miserable,5,-4.3047547,2.4933367,-3.4180596,-21.523773
foundation,9,-4.3153844,9.410905,-11.710838,-38.83846
anything,10,-4.334961,9.690698,-0.51199824,-43.34961
degree,15,-4.338063,2.9797866,-5.2329817,-65.07094
houses,7,-4.338268,9.681748,-12.511274,-30.367874
system,19,-4.4271226,0.9326706,-4.6787143,-84.11533
advantage,9,-4.432666,3.3412519,-5.9590816,-39.893993
master,5,-4.4445963,10.764295,3.512867,-22.222982
in,838,-4.464697,20.806942,5.144987,-3741.416
engagement,11,-4.473672,7.3610106,-0.84049445,-49.210392
impossible,5,-4.494952,3.5139544,-4.6857204,-22.47476
patterns,6,-4.5065823,0.19834235,-4.4612226,-27.039494
sacrifice,11,-4.517876,2.3618517,-5.367848,-49.696636
more,146,-4.5458155,10.287384,-1.3000389,-663.6891
important,8,-4.5521584,1.756761,-3.5654707,-36.417267
lines,5,-4.5785427,4.984115,-1.2312918,-22.892714
get,17,-4.5971622,14.861967,1.7391043,-78.15176
avoid,8,-4.61071,1.7349458,-5.33954,-36.88568
hands,21,-4.619504,11.206219,2.5593038,-97.00958
country,13,-4.6325803,2.1069987,-5.607037,-60.22354
independent,5,-4.6575694,0.51790076,-4.8745446,-23.287848
despite,5,-4.6630554,0.2670955,-4.559202,-23.315277
thinking,10,-4.6812353,5.3674073,-4.8712635,-46.81235
the,2623,-4.690196,11.224323,1.5577226,-12302.385
net,6,-4.693438,15.067563,-7.6985435,-28.16063
taste,7,-4.707474,10.325713,-1.4516202,-32.95232
life,49,-4.7374687,4.7407084,-8.238671,-232.13597
green,5,-4.7446127,13.953894,5.993148,-23.723064
admiration,11,-4.7501903,6.5102463,-8.185112,-52.25209
meet,8,-4.788666,7.23905,0.40540683,-38.309326
increased,5,-4.79616,2.4757903,-4.6001954,-23.9808
attended,5,-4.8164377,17.155037,5.563898,-24.08219
years,10,-4.817239,12.878901,1.0555205,-48.17239
problem,7,-4.851199,1.0460317,-4.5066113,-33.958393
access,26,-4.875537,0.25258505,-4.8540535,-126.76396
cares,6,-4.879999,2.783393,-4.374247,-29.279995
mental,7,-4.8854895,4.5128374,-6.6373816,-34.198425
few,45,-4.9101615,11.340577,1.101671,-220.95728
child,22,-4.9267926,14.647984,3.6224132,-108.38944
bad,7,-4.9720035,12.285143,0.94033176,-34.804024
study,5,-4.974931,3.1991174,-2.4762578,-24.874653
business,7,-5.008306,3.28296,-5.2487993,-35.058144
ways,5,-5.0595922,3.3893566,-6.7585692,-25.29796
though,61,-5.093231,8.472803,0.6059804,-310.6871
without,54,-5.1062503,10.155577,-0.4478246,-275.73752
from,240,-5.1067557,24.598568,8.343872,-1225.6213
with,438,-5.112107,18.052097,3.650549,-2239.1028
networks,7,-5.1161904,0.11297339,-5.1876407,-35.81333
opportunities,16,-5.117017,0.6521191,-5.0625033,-81.87227
frequently,24,-5.1438856,3.30831,-6.3991623,-123.453255
continued,5,-5.1506634,6.030931,-2.8363016,-25.753317
higher,8,-5.170285,3.104745,-7.253382,-41.36228
connection,10,-5.1803827,3.3754365,-7.1732674,-51.803825
provide,7,-5.2054377,1.4330255,-5.837606,-36.438065
grave,5,-5.2155113,2.224101,-4.2214227,-26.077557
efforts,5,-5.238655,1.6595547,-6.0606675,-26.193275
yet,62,-5.2725396,3.4612422,-7.7283053,-326.89746
root,5,-5.273027,4.211,-7.755173,-26.365135
simply,22,-5.2827306,1.9521729,-5.650907,-116.22008
carefully,10,-5.2947106,1.3114208,-6.2621746,-52.947105
status,6,-5.33087,0.8335331,-5.702599,-31.985222
interest,23,-5.3518996,5.592195,-5.011384,-123.0937
firmly,5,-5.3530526,8.000527,-4.424503,-26.765263
change,12,-5.3722854,4.340581,-6.5804386,-64.46742
possible,28,-5.403067,6.0329533,-1.7420168,-151.28587
past,10,-5.43088,11.981784,-2.101398,-54.3088
established,5,-5.4309053,11.666228,-13.82359,-27.154526
constructed,6,-5.507048,0.75404555,-5.547575,-33.04229
our,56,-5.540752,4.1337676,-7.0316668,-310.2821
already,14,-5.564302,3.8599267,-3.6156368,-77.90023
city,14,-5.567837,1.4749128,-6.1206903,-77.94972
communication,5,-5.616369,1.0950282,-5.933538,-28.081844
single,14,-5.669454,18.75232,-8.490087,-79.37236
particular,11,-5.717082,1.8117898,-5.862844,-62.8879
negative,7,-5.7426276,0.07617236,-5.755259,-40.198395
not,415,-5.859061,15.051472,0.23087242,-2431.5103
chance,8,-5.934493,7.346074,-0.9872527,-47.475945
pressed,7,-5.95978,5.844606,-10.254614,-41.71846
approach,8,-5.9638443,1.6460218,-6.577816,-47.710754
spite,10,-6.000699,1.7871636,-6.916098,-60.006992
history,9,-6.0281177,3.7572896,-8.170528,-54.25306
promote,5,-6.0588017,4.2644877,-9.447634,-30.294008
for,438,-6.062239,21.651913,5.434545,-2655.2607
progress,13,-6.0697765,2.894809,-7.9537015,-78.9071
draw,5,-6.071188,7.0424914,-0.7677713,-30.35594
information,12,-6.0917544,11.318895,-3.1837564,-73.10105
dust,6,-6.171102,4.874915,-8.596394,-37.02661
matter,31,-6.213306,3.961811,-8.762026,-192.61249
boundaries,10,-6.2425437,0.0709496,-6.1960964,-62.425438
world,41,-6.290196,9.940114,-12.136937,-257.89804
to,1555,-6.3136687,17.117002,2.15977,-9817.755
of,1975,-6.32019,10.745344,-0.84830356,-12482.375
school,6,-6.3659635,14.719532,3.9512389,-38.19578
outcomes,6,-6.4060006,0.21540213,-6.4060006,-38.436005
civil,5,-6.409054,0.8243547,-6.9445887,-32.04527
that,703,-6.5144706,13.421605,-0.28293598,-4579.673
across,11,-6.550995,5.2063847,-8.92946,-72.06094
exposure,6,-6.5750995,4.7683716e-07,-6.575099,-39.450596
and,1768,-6.5815263,25.197714,5.3142214,-11636.139
success,11,-6.612775,3.443664,-8.702989,-72.740524
form,11,-6.6389394,8.926738,-14.154928,-73.028336
effort,7,-6.6503778,2.7034981,-7.7911935,-46.552643
laughter,6,-6.704269,5.098381,-8.517547,-40.225613
talent,5,-6.7063484,2.6373785,-8.012355,-33.531742
let,17,-6.7104526,10.194131,-0.7505316,-114.07769
aren,13,-6.7378397,0.14951962,-6.6211977,-87.59192
physical,6,-6.76969,2.5152576,-8.302758,-40.61814
satisfaction,6,-6.801414,2.4142146,-6.5692997,-40.808483
effect,12,-6.814356,8.45709,-8.237581,-81.77227
saying,7,-6.869227,9.868295,-0.38650984,-48.084587
limited,14,-6.872193,3.136857,-8.375485,-96.2107
always,43,-6.8747106,4.1261053,-6.2819147,-295.61255
necessary,22,-6.8800244,5.0662694,-10.456399,-151.36053
different,10,-6.89844,11.128664,-0.79236406,-68.9844
families,7,-6.9126563,2.3385239,-7.973765,-48.388596
event,12,-6.9214897,12.771153,3.3441923,-83.05788
quietly,5,-6.9354706,0.60424566,-6.704198,-34.677353
loss,12,-6.948405,4.8236485,-10.673992,-83.38086
cost,5,-6.9879236,2.930796,-8.740928,-34.939617
stand,5,-7.0234003,7.4085813,-1.5784181,-35.117
one,168,-7.041181,14.404805,2.561151,-1182.9185
warn,6,-7.084999,0.0,-7.084999,-42.509995
re,7,-7.12487,2.6173127,-7.98079,-49.87409
step,13,-7.1814504,6.201583,-3.240486,-93.35886
slow,17,-7.2303534,2.5165832,-8.78033,-122.91601
offers,5,-7.2614007,0.58263266,-7.397098,-36.307003
match,10,-7.2777877,21.175478,5.6723804,-72.77788
everything,7,-7.3044195,9.943637,-2.3180268,-51.130936
soul,10,-7.318329,7.367707,-12.159336,-73.18329
fluctuations,5,-7.330767,0.47024244,-7.42881,-36.653835
walls,7,-7.3375125,5.0259414,-9.564646,-51.362587
anxious,5,-7.365304,4.9582143,-5.8442783,-36.82652
leaving,11,-7.3750362,6.6743164,-10.296073,-81.1254
line,8,-7.377903,15.167709,3.8165052,-59.023224
winter,9,-7.395908,17.774506,7.7688494,-66.56317
market,5,-7.4475503,1.1856544,-7.8098783,-37.23775
speed,6,-7.4476795,6.7221117,-3.345351,-44.686077
is,282,-7.462515,7.3234367,-12.093381,-2104.4292
why,5,-7.4673195,6.8783913,-1.8577874,-37.336597
often,91,-7.571499,3.9599218,-8.912487,-689.0064
glass,6,-7.591335,13.018129,-6.9401298,-45.548008
built,12,-7.6266975,0.9404534,-7.8497796,-91.52037
education,16,-7.639785,5.9136176,-10.209982,-122.23656
curiosity,5,-7.7348976,1.3850002,-7.0423975,-38.674488
it,668,-7.8975897,16.29423,1.6304796,-5275.59
media,5,-7.9114165,0.13253897,-8.019634,-39.557083
support,8,-7.9500513,1.4204022,-8.141636,-63.60041
age,15,-7.9830036,8.397638,-15.434923,-119.745056
does,7,-8.105649,9.445653,-1.713209,-56.73954
or,194,-8.127725,22.740826,6.3625236,-1576.7786
joy,11,-8.128691,7.289601,-13.826101,-89.415596
result,8,-8.130615,5.463802,-11.132356,-65.04492
goes,6,-8.290325,8.556283,-8.23619,-49.74195
agreement,6,-8.378343,4.5532317,-8.607568,-50.270058
altar,5,-8.408572,0.35878712,-8.166786,-42.042862
actions,9,-8.443322,9.860399,-14.767634,-75.9899
weight,19,-8.547748,5.1815624,-11.768188,-162.4072
healthy,5,-8.62151,2.5124822,-9.804888,-43.107548
held,9,-8.6332855,16.833963,3.9148338,-77.69957
health,9,-8.645634,3.9194667,-9.897532,-77.8107
their,195,-8.711938,13.7563095,-1.2378432,-1698.8279
lost,20,-8.748127,10.682477,-8.214603,-174.96254
class,23,-8.790325,2.3417227,-9.322613,-202.17747
justice,9,-8.792574,10.713087,-17.191101,-79.13316
material,7,-8.802252,9.557335,-17.06981,-61.615765
course,15,-8.895228,9.825344,-1.3059095,-133.42842
need,12,-9.087876,4.7810473,-12.01218,-109.05451
further,11,-9.206755,9.926559,-3.604531,-101.2743
cruelty,5,-9.216982,6.5988016,-12.073447,-46.08491
evident,5,-9.373494,0.505051,-9.366139,-46.86747
public,15,-9.396586,5.0572805,-12.837087,-140.94879
blood,14,-9.399333,17.11807,-9.687396,-131.59067
windows,5,-9.420702,8.486168,-15.659663,-47.10351
however,54,-9.438552,14.503064,-10.75442,-509.6818
groups,5,-9.641115,0.14749742,-9.520683,-48.205574
difficulty,7,-9.678629,5.7520623,-7.635536,-67.750404
golden,5,-9.819983,9.396486,-13.56212,-49.099915
even,68,-9.877513,8.211844,-15.960855,-671.6709
this,276,-9.884433,11.748483,-20.070961,-2728.1035
losing,5,-9.973139,4.7089434,-12.204469,-49.865692
childhood,11,-9.975727,1.5876838,-10.487518,-109.733
everyone,7,-10.022423,0.9349397,-10.652191,-70.15696
offered,6,-10.041368,9.247928,-15.7237625,-60.248207
possessions,6,-10.051512,0.23112254,-10.154873,-60.30907
air,11,-10.147522,13.351797,-21.169165,-111.62274
things,14,-10.175395,15.163622,-2.6695065,-142.45554
malice,7,-10.2083845,8.143088,-15.196407,-71.458694
individuals,16,-10.286055,0.095561296,-10.313753,-164.57687
over,59,-10.309566,15.016315,0.21253318,-608.26434
grand,14,-10.314462,4.262259,-11.303235,-144.40247
worth,7,-10.320733,8.142593,-15.161076,-72.24513
wrong,11,-10.324019,9.707966,-17.409027,-113.56421
makes,5,-10.488411,7.696287,-14.416115,-52.442055
individual,31,-10.682937,0.24961385,-10.685534,-331.17105
surface,6,-10.705643,5.809909,-13.303912,-64.23386
we,86,-10.711416,16.877205,-2.559511,-921.1818
fall,9,-10.767491,10.952885,-18.370317,-96.907425
right,18,-10.898851,19.890736,4.2612658,-196.17932
duty,30,-11.092677,11.778979,-18.634493,-332.7803
resignation,5,-11.140309,6.1678853,-13.936819,-55.701546
but,411,-11.194153,20.98726,1.785545,-4600.797
behavior,11,-11.442481,0.5183278,-11.512713,-125.867294
also,18,-11.479755,19.927944,3.4306784,-206.63559
backs,6,-11.5502615,5.02816,-13.717308,-69.30157
top,8,-11.556,16.47492,-12.273052,-92.448
parents,5,-11.578499,9.38637,-16.005608,-57.892494
based,5,-11.62937,0.65972865,-12.033766,-58.14685
civility,5,-11.925379,2.8632836,-12.68311,-59.626892
where,65,-12.001369,13.378986,-22.949406,-780.089
process,20,-12.066663,2.0404916,-12.781017,-241.33325
designed,7,-12.111877,5.447169,-14.192208,-84.78314
malicious,7,-12.264776,5.668698,-14.470443,-85.85343
safety,9,-12.37777,5.3214846,-15.392731,-111.39993
working,7,-12.4036,8.650335,-17.993544,-86.825195
just,33,-12.446966,20.34428,-29.22753,-410.74988
quality,10,-12.572467,0.63411915,-12.595654,-125.72467
while,72,-12.753302,20.885672,-30.96354,-918.23773
each,29,-12.831616,15.702454,-25.13707,-372.11688
yellow,10,-12.96107,10.687645,-17.924109,-129.6107
rules,6,-12.992591,5.3086333,-15.297882,-77.95554
about,94,-13.060695,14.808858,-23.909454,-1227.7053
others,31,-13.138187,13.655612,-23.049011,-407.2838
curated,5,-13.14446,0.06508906,-13.197551,-65.7223
between,31,-13.177758,17.976688,-26.220781,-408.5105
these,79,-13.22003,13.138757,-23.24876,-1044.3823
normalization,5,-13.482188,0.028625108,-13.496501,-67.41094
act,10,-13.6503935,13.990091,-23.745708,-136.50394
series,8,-13.670279,27.717428,-33.019688,-109.36223
begins,5,-13.877195,0.02689743,-13.890645,-69.38598
gloomy,7,-13.93624,9.721317,-12.651981,-97.55368
grace,8,-13.94843,6.737394,-15.857506,-111.58744
wound,8,-14.062026,11.084776,-20.422333,-112.49621
those,84,-14.080459,10.523926,-21.479633,-1182.7585
breaking,13,-14.158737,5.9206734,-16.57983,-184.06358
whilst,12,-14.199969,0.8898395,-13.701527,-170.39963
may,36,-14.308782,22.799284,4.178576,-515.11615
members,8,-14.624964,14.373734,-22.726543,-116.99971
children,26,-14.670817,17.62214,-29.007689,-381.44125
events,5,-14.675787,13.825431,-25.933184,-73.37894
can,67,-14.79095,17.411558,-29.57643,-990.99365
trade,7,-14.894332,9.22098,-18.59923,-104.26032
broken,12,-14.896028,10.285414,-21.220682,-178.75233
eleanor,7,-14.9362135,0.51784974,-14.865873,-104.5535
game,5,-15.164606,24.84469,4.9182396,-75.82303
someone,8,-15.23377,0.1992312,-15.102668,-121.87016
issue,7,-15.269914,9.484124,-19.113953,-106.8894
against,39,-15.314136,19.326557,-31.710917,-597.2513
decision,5,-15.479097,8.342309,-19.532984,-77.395485
unethical,6,-15.609843,0.25164333,-15.717094,-93.65906
adults,6,-15.980296,0.10843668,-16.03027,-95.881775
order,6,-16.412996,8.15319,-19.562124,-98.477974
stones,7,-16.778173,14.687894,-25.37635,-117.44722
greasy,8,-16.818396,0.7386704,-16.664501,-134.54716
rot,5,-16.84076,0.09108442,-16.815456,-84.2038
free,12,-17.0976,17.477428,-31.363605,-205.17122
through,42,-17.295027,13.670892,-26.894466,-726.3911
are,124,-18.058058,9.780665,-22.6246,-2239.1992
pressure,11,-19.147463,0.1538963,-19.062035,-210.6221
performance,7,-19.518368,9.093345,-22.82598,-136.62857
field,6,-20.27908,0.0888228,-20.239357,-121.67448
acts,8,-23.362785,0.78927404,-23.143833,-186.90228
career,8,-23.369411,9.02688,-26.892757,-186.95529
replaced,5,-23.897429,15.553322,-29.705221,-119.487144
nets,5,-24.259563,0.339637,-24.536024,-121.29781
charity,5,-24.43105,0.2696007,-24.565847,-122.15524
minor,6,-26.833353,0.07276806,-26.80081,-161.00012
born,23,-26.930408,13.469284,-29.15396,-619.3994
playing,9,-27.456268,18.812407,-37.5162,-247.10641
served,6,-30.210264,1.8777605,-30.640842,-181.26158
chipped,5,-36.543297,2.534748,-36.67803,-182.71649
