word,class,count,mean_attribution,std_attribution,median_attribution,total_attribution
the,ai_neutral,338,0.00011949158,0.001454166,0.00016096985,0.040388156
of,ai_neutral,292,-0.0001211451,0.0010278628,-5.874953e-05,-0.03537437
political,ai_neutral,9,-0.0013868018,0.0020220778,-0.000940542,-0.012481216
demonstrates,ai_neutral,4,0.00021338818,0.0004596178,8.193483e-05,0.0008535527
consistent,ai_neutral,5,4.5063778e-05,0.00034067297,6.927906e-05,0.00022531889
on,ai_neutral,46,0.0019231361,0.0009635736,0.0017845266,0.08846426
psychological,ai_neutral,9,-0.0009203104,0.0017896815,-0.0009961261,-0.008282794
manipulation,ai_neutral,13,0.00065099105,0.0007566925,0.0008550126,0.0084628835
to,ai_neutral,216,0.0005831706,0.001035402,0.0006163088,0.12596485
widespread,ai_neutral,3,-0.0010132372,5.0992123e-05,-0.0010456173,-0.0030397116
support,ai_neutral,6,0.00068644114,0.00054357067,0.00067574263,0.004118647
consider,ai_neutral,9,0.001041446,0.0014690332,0.0014035555,0.009373014
during,ai_neutral,3,0.0001659143,0.00069477136,0.00030008025,0.0004977429
not,ai_neutral,29,0.0009522487,0.0008480843,0.0010282458,0.027615212
di,ai_neutral,22,0.0009209428,0.0006083219,0.0008337834,0.020260742
information,ai_neutral,7,-0.00036968794,0.00053041294,-0.00042536273,-0.0025878155
but,ai_neutral,84,-0.00034604387,0.0007494652,-0.00038845593,-0.029067686
ing,ai_neutral,48,0.00093313586,0.0009697045,0.00095784443,0.04479052
narratives,ai_neutral,8,0.001686942,0.0010564746,0.0017239723,0.013495536
designed,ai_neutral,6,0.0009489797,0.0006253416,0.00075010967,0.005693878
ev,ai_neutral,4,0.0008953747,0.0004782409,0.0008902862,0.0035814987
specific,ai_neutral,4,-2.2958004e-05,0.00034727468,-0.00015213923,-9.1832015e-05
emotional,ai_neutral,27,-1.4772703e-05,0.0006284507,-4.536478e-05,-0.000398863
responses,ai_neutral,3,0.0003259812,0.00048225714,0.000176919,0.0009779437
fear,ai_neutral,4,0.0008961746,0.00061694806,0.0009272102,0.0035846983
or,ai_neutral,45,0.0013114433,0.0011089673,0.0011801324,0.059014946
anger,ai_neutral,4,0.00039473202,0.0006124567,0.00031257508,0.0015789281
these,ai_neutral,39,9.938012e-05,0.0013207437,0.00010536298,0.0038758249
thought,ai_neutral,5,-0.00055120076,0.00079822174,-0.0002101943,-0.0027560038
into,ai_neutral,9,0.0014769528,0.00092800363,0.0013038502,0.013292575
and,ai_neutral,270,0.0010978673,0.0010275147,0.0010962525,0.29642415
pre,ai_neutral,10,0.00016465395,0.00075785565,0.00020383256,0.0016465394
existing,ai_neutral,9,-0.0002239108,0.00064686016,-0.00016198827,-0.0020151972
es,ai_neutral,5,0.00094490824,0.00050326885,0.0010228156,0.004724541
modern,ai_neutral,11,-0.0012492364,0.0010881233,-0.0011088864,-0.0137416
tactics,ai_neutral,3,-0.0007661919,0.001568135,-0.00028770725,-0.0022985758
based,ai_neutral,10,0.0006516109,0.00070039695,0.0007442882,0.0065161088
personal,ai_neutral,14,-0.0011720575,0.0007660627,-0.0011477211,-0.016408805
ized,ai_neutral,6,-0.00041305096,0.0008597083,-0.00032252114,-0.0024783057
that,ai_neutral,71,-0.00024262286,0.0010456862,-0.0002561692,-0.017226223
exploit,ai_neutral,3,-0.00023034464,0.0002288422,-0.00011427074,-0.0006910339
individual,ai_neutral,24,-0.00040645013,0.0010029264,-0.00021055996,-0.009754803
an,ai_neutral,24,0.0012507044,0.00095849734,0.0013346614,0.030016907
xie,ai_neutral,4,3.560957e-05,0.0008537197,8.3946594e-05,0.00014243828
ties,ai_neutral,4,-0.0009974167,0.0013371543,-0.0006969229,-0.0039896667
ethical,ai_neutral,3,0.0004705139,0.00126852,0.00025043832,0.0014115417
implications,ai_neutral,4,0.0008417418,0.0012209011,0.00048998045,0.0033669672
are,ai_neutral,64,2.9284754e-05,0.0010843372,0.0002904263,0.0018742243
profound,ai_neutral,6,0.00043579706,0.00024536063,0.0003359199,0.0026147824
questions,ai_neutral,4,0.00087729644,0.00047866814,0.0007144829,0.0035091857
about,ai_neutral,41,0.00046110977,0.00089675316,0.0004155833,0.0189055
very,ai_neutral,6,0.00049282936,0.00053239503,0.0005639191,0.0029569762
nature,ai_neutral,7,3.2939897e-05,0.00045258683,0.00025156158,0.00023057929
potential,ai_neutral,12,0.0013024914,0.0008847106,0.0012696789,0.015629897
for,ai_neutral,88,0.0010672943,0.001104522,0.0010834248,0.0939219
processes,ai_neutral,3,0.0010678427,0.0011313566,0.00072983414,0.0032035282
be,ai_neutral,23,0.0008192069,0.0006278269,0.00096498,0.018841758
by,ai_neutral,26,0.0009893472,0.0007692947,0.0010892388,0.025723027
emotionally,ai_neutral,3,0.0009746938,0.00079291785,0.0007037895,0.0029240814
rhetoric,ai_neutral,4,-0.0009769626,0.00088177464,-0.0011593815,-0.0039078505
rather,ai_neutral,21,-0.0001570523,0.0007855488,-0.00031749945,-0.0032980985
than,ai_neutral,15,0.00076832186,0.0009207693,0.001233378,0.011524828
imagine,ai_neutral,5,0.0008187445,0.00088613486,0.0007068664,0.0040937224
life,ai_neutral,15,0.0006853455,0.001599318,0.00024897867,0.010280183
where,ai_neutral,24,0.00015667726,0.000863823,0.00024849921,0.003760254
interaction,ai_neutral,3,0.00029049945,0.0012635633,0.0009709485,0.00087149837
feels,ai_neutral,6,0.0013791062,0.0014479922,0.0013080656,0.008274637
ative,ai_neutral,3,0.0009223756,0.00071252155,0.00096445886,0.0027671268
carefully,ai_neutral,7,0.0010271949,0.0007185679,0.0012887355,0.0071903644
constructed,ai_neutral,5,0.000788969,0.0001497487,0.00083716545,0.003944845
mask,ai_neutral,3,0.001760757,0.00012357674,0.001700673,0.0052822707
underlying,ai_neutral,6,0.0010669759,0.0007192463,0.0007352475,0.006401855
this,ai_neutral,104,-0.00023786322,0.0009938997,-0.00031316857,-0.024737775
is,ai_neutral,61,-2.6885455e-05,0.0010216245,-1.2278091e-05,-0.0016400127
reality,ai_neutral,7,0.00028916541,0.00081850623,0.000718879,0.002024158
many,ai_neutral,11,-8.044158e-05,0.0010091631,-1.9316023e-05,-0.00088485744
experiencing,ai_neutral,3,0.00026252685,0.00028874038,0.00021195937,0.00078758056
chronic,ai_neutral,4,0.00018884841,0.00039040064,0.00023905546,0.00075539364
social,ai_neutral,48,-0.0012080844,0.0010298435,-0.0012084625,-0.05798805
isolation,ai_neutral,6,0.00038749503,0.0006356101,0.00044572118,0.0023249702
it,ai_neutral,79,-0.00050631346,0.0015839478,-0.00022516388,-0.039998762
necessarily,ai_neutral,15,-9.7105745e-05,0.00043205853,5.279522e-06,-0.0014565862
lack,ai_neutral,11,0.00041571763,0.00046342172,0.00026882143,0.004572894
opportunities,ai_neutral,10,0.00071715843,0.00037709918,0.00055631297,0.0071715843
connection,ai_neutral,14,0.00022753167,0.00065224024,0.00017952864,0.0031854433
vulnerability,ai_neutral,15,0.0006315995,0.0006273554,0.00076307426,0.0094739925
belief,ai_neutral,4,-0.00037318404,0.00077684777,-0.0005466825,-0.0014927362
authentic,ai_neutral,3,-0.0007439889,0.0005315492,-0.0009763147,-0.0022319667
self,ai_neutral,29,-0.000311615,0.00058973755,-0.0003088768,-0.009036835
lead,ai_neutral,7,0.0019684685,0.00067244517,0.0017462202,0.01377928
rejection,ai_neutral,3,0.0008295574,0.00052839884,0.001098782,0.0024886723
often,ai_neutral,57,0.0002656582,0.00088969275,0.00036219755,0.015142517
stems,ai_neutral,3,-0.0004146523,0.0008703208,7.890738e-05,-0.001243957
from,ai_neutral,39,0.0005043861,0.0010378633,0.00070520275,0.019671058
experiences,ai_neutral,6,3.0601735e-05,0.00039488502,1.9607156e-05,0.00018361042
trauma,ai_neutral,9,0.0010458145,0.0009789444,0.0013846881,0.009412331
creating,ai_neutral,13,0.0001595989,0.00051334786,0.00018927673,0.0020747858
per,ai_neutral,17,0.0010312791,0.0007061445,0.0008203455,0.017531745
pet,ai_neutral,11,0.0017614756,0.0009496014,0.0014521076,0.019376231
uating,ai_neutral,3,-0.000112706504,2.506106e-05,-0.0001212137,-0.0003381195
cycle,ai_neutral,4,0.0006150743,0.00060615217,0.00073194026,0.0024602972
breaking,ai_neutral,4,0.0018113849,0.0014653332,0.0017597388,0.0072455397
free,ai_neutral,3,-2.7083326e-05,0.00052260875,0.00023921329,-8.124998e-05
requires,ai_neutral,16,0.001830415,0.00093574316,0.0017637617,0.02928664
cult,ai_neutral,10,0.0005999728,0.0007996133,0.00062244514,0.0059997276
ivating,ai_neutral,7,0.0011075832,0.0008954594,0.0009987623,0.0077530826
challenging,ai_neutral,5,0.00096863403,0.00019857987,0.00095778017,0.0048431703
patterns,ai_neutral,8,0.0004948566,0.0013316065,0.0003882633,0.003958853
gradually,ai_neutral,3,-0.000177144,0.00071177585,-0.0003745007,-0.000531432
taking,ai_neutral,3,0.0007944998,0.00056798954,0.0010199479,0.0023834994
small,ai_neutral,3,0.0009259835,0.00025661802,0.0009139509,0.0027779504
risks,ai_neutral,4,-0.0003211205,0.0014314573,-0.00040120914,-0.001284482
trust,ai_neutral,8,0.0012614497,0.00042429214,0.0012457415,0.010091597
in,ai_neutral,105,0.0010504937,0.0009734183,0.0011447893,0.11030184
others,ai_neutral,3,-2.5637913e-05,0.0008594168,-0.00011073335,-7.691374e-05
mind,ai_neutral,4,0.00023681106,0.0012619835,0.0007832528,0.00094724423
can,ai_neutral,48,0.0010162225,0.000829567,0.001178744,0.048778683
tools,ai_neutral,3,0.00063849683,0.00051097135,0.00094117963,0.0019154905
complex,ai_neutral,12,0.00050091726,0.000503942,0.000495353,0.006011007
curated,ai_neutral,7,0.00034773158,0.0002774953,0.0004524572,0.002434121
image,ai_neutral,4,0.000929215,0.0003790746,0.0009387244,0.00371686
success,ai_neutral,5,-0.00040192594,0.001193967,-0.00059155526,-0.0020096297
presented,ai_neutral,4,0.00032037398,0.00028732937,0.00041127455,0.0012814959
media,ai_neutral,8,0.00086885336,0.0012833589,0.00088143675,0.006950827
constant,ai_neutral,8,0.0006464632,0.00041111835,0.000683952,0.0051717055
as,ai_neutral,32,0.00079625833,0.0008638575,0.00080459774,0.025480267
al,ai_neutral,11,-7.611532e-05,0.0008397569,-5.9933314e-05,-0.00083726854
lifestyle,ai_neutral,3,-0.00050950336,0.00053791876,-0.00014231162,-0.0015285101
doesn,ai_neutral,8,0.0004765044,0.000682158,0.0007048963,0.0038120353
just,ai_neutral,9,0.00031484064,0.0006206343,0.0002345272,0.0028335657
actively,ai_neutral,9,4.6457822e-05,0.00061667117,0.00012264818,0.0004181204
realities,ai_neutral,3,8.295446e-06,0.00044833744,-0.00011876578,2.4886336e-05
economic,ai_neutral,8,-0.0027346688,0.0011166611,-0.002290395,-0.02187735
struggle,ai_neutral,7,-0.00053983094,0.000875565,-0.0007216126,-0.0037788167
class,ai_neutral,13,0.0017007221,0.0010357373,0.0013408482,0.022109387
consciousness,ai_neutral,5,-0.00041825604,0.0006814038,-0.0003050493,-0.0020912802
digital,ai_neutral,5,0.00019594473,0.0017465203,0.0005910313,0.0009797236
age,ai_neutral,3,0.0013167979,0.0020826685,0.0010201369,0.0039503938
increasingly,ai_neutral,10,0.0011121072,0.0013487224,0.0011950675,0.011121072
recognizing,ai_neutral,11,0.00014718273,0.0006991489,7.0937967e-06,0.00161901
narrative,ai_neutral,3,0.0016769456,0.0015751554,0.0008141054,0.005030837
ignores,ai_neutral,3,-0.0014060467,0.0006213539,-0.0018412884,-0.00421814
way,ai_neutral,5,-0.00017694633,0.00075574144,-2.5405316e-06,-0.00088473165
reinforce,ai_neutral,6,0.00088645826,0.0005782752,0.0007843897,0.0053187497
qual,ai_neutral,4,0.0013691303,0.0002447117,0.0014025903,0.0054765213
ities,ai_neutral,6,-0.0001388096,0.0010311625,-0.00046236644,-0.00083285756
marketing,ai_neutral,4,0.000983279,0.00040200911,0.0007611925,0.003933116
strategies,ai_neutral,3,0.00019451906,0.0004485204,0.00034505894,0.0005835572
ins,ai_neutral,7,0.00085562264,0.0010795934,0.00088119693,0.0059893583
form,ai_neutral,9,0.0006937942,0.0006173481,0.0005686489,0.006244148
awareness,ai_neutral,5,0.0009066484,0.0009989669,0.00080933596,0.004533242
deliberate,ai_neutral,6,0.00043118862,0.00056801067,0.0005037616,0.0025871317
effort,ai_neutral,6,0.0012701624,0.0007628029,0.0012800631,0.0076209744
alternative,ai_neutral,6,0.00028140077,0.00040481775,0.00029824197,0.0016884046
perspectives,ai_neutral,4,-0.00042230156,0.00071217865,-0.0006414881,-0.0016892062
challenge,ai_neutral,7,0.0024432985,0.0011272418,0.0022439125,0.017103089
cultural,ai_neutral,6,-0.0006010178,0.0009619887,-0.0008496984,-0.0036061066
uate,ai_neutral,6,-1.407549e-05,0.0007545548,0.00037061353,-8.445294e-05
divisions,ai_neutral,4,-0.0006794336,0.00079319574,-0.00075509213,-0.0027177343
process,ai_neutral,9,0.0012366673,0.0011008407,0.0010748166,0.011130005
un,ai_neutral,13,0.0014583764,0.00091144297,0.0018143831,0.018958893
re,ai_neutral,18,0.0013547997,0.00060055824,0.0014083403,0.024386395
evaluation,ai_neutral,8,0.0010071759,0.0005771672,0.0008753905,0.008057407
ultimately,ai_neutral,8,0.0007996812,0.001225186,0.0007935496,0.0063974494
gender,ai_neutral,7,-9.345319e-05,0.0011500459,0.00012726226,-0.0006541723
roles,ai_neutral,9,-0.0019755354,0.00053277984,-0.0018816211,-0.017779818
isn,ai_neutral,66,0.0016914147,0.0011647004,0.0014218655,0.111633375
differences,ai_neutral,5,-0.0014268556,0.00048789752,-0.0012651583,-0.007134278
between,ai_neutral,7,6.8844834e-05,0.0011733279,0.00030308147,0.00048191386
people,ai_neutral,7,-0.00010514659,0.0008427133,0.00025651883,-0.0007360261
sman,ai_neutral,4,0.0017665663,0.0007739714,0.0016098642,0.007066265
tling,ai_neutral,3,8.341996e-05,0.0005094797,0.0001787155,0.00025025988
power,ai_neutral,27,0.0006126787,0.0011066776,0.00036619857,0.016542325
im,ai_neutral,7,0.00018656392,0.0003763401,0.00024085958,0.0013059474
balance,ai_neutral,6,0.0012177365,0.0009893957,0.0016839642,0.0073064193
historically,ai_neutral,3,-7.309558e-05,0.00019930617,-0.00018686205,-0.00021928674
has,ai_neutral,9,0.0003950577,0.0011896404,0.0009841889,0.0035555193
been,ai_neutral,3,0.0015900062,0.00015496594,0.0015231429,0.0047700186
intrinsic,ai_neutral,3,0.0003661802,0.00025937648,0.0004936189,0.0010985406
ally,ai_neutral,3,-0.00058736285,0.00055911613,-0.0006955269,-0.0017620886
systems,ai_neutral,8,0.0002553467,0.0010562899,0.00015421883,0.0020427736
with,ai_neutral,34,0.0010817035,0.0008267826,0.0011110151,0.036777917
ty,ai_neutral,4,0.0016686541,0.0009779676,0.0017314083,0.0066746166
qua,ai_neutral,6,0.00016993888,0.00071738503,0.00046892397,0.0010196333
ted,ai_neutral,4,0.0004982145,0.00055984146,0.0006928983,0.001992858
discrimination,ai_neutral,3,-0.0005395038,0.00018767013,-0.0005946121,-0.0016185115
violence,ai_neutral,3,0.0018403538,0.00097528537,0.0021773349,0.0055210614
against,ai_neutral,4,0.001443204,0.001699303,0.0015967162,0.005772816
those,ai_neutral,7,-5.3515187e-06,0.0007665352,8.0513375e-05,-3.746063e-05
who,ai_neutral,14,0.0003199888,0.0009720605,0.00014663396,0.004479843
don,ai_neutral,4,0.0012749931,0.0005419884,0.0011758469,0.0050999722
conform,ai_neutral,4,-0.0003358436,0.0003654396,-0.000329439,-0.0013433744
moving,ai_neutral,7,0.00089376216,0.00047827352,0.00081349455,0.006256335
critical,ai_neutral,8,0.0005904271,0.0006515496,0.00048039015,0.0047234166
dynamics,ai_neutral,4,0.0024782093,0.000880641,0.0022590363,0.009912837
commitment,ai_neutral,6,0.00070622325,0.0008615146,0.00066837994,0.0042373394
society,ai_neutral,12,-0.0006550518,0.0016134207,-0.0011171575,-0.007860621
all,ai_neutral,6,-9.5642936e-05,0.00041775283,-0.00019191034,-0.00057385763
individuals,ai_neutral,22,-3.8741025e-05,0.00100846,7.608475e-05,-0.00085230253
regardless,ai_neutral,3,-0.00016648129,0.00058713614,-9.628161e-05,-0.00049944385
identity,ai_neutral,15,-0.0010225583,0.0010908032,-0.0009074046,-0.015338375
have,ai_neutral,7,0.0015255747,0.0009988945,0.0016677699,0.010679023
respect,ai_neutral,5,-0.0002060177,0.00086440996,-0.0001793504,-0.0010300885
nec,ai_neutral,4,0.0018981937,0.0006226227,0.0020676595,0.007592775
ess,ai_neutral,4,0.0020663668,0.00059576676,0.0018456106,0.008265467
itate,ai_neutral,4,0.0016576713,0.00077296374,0.0016369204,0.006630685
systemic,ai_neutral,6,0.0004409606,0.0007289503,0.00022485564,0.0026457636
solely,ai_neutral,6,-0.0004508848,0.00053041056,-0.00049041066,-0.0027053088
determined,ai_neutral,4,0.000734497,0.0007943955,0.000472704,0.002937988
choices,ai_neutral,5,0.00040940792,0.00048339015,0.00036370027,0.0020470396
powerful,ai_neutral,7,5.4444663e-05,0.00033902572,-1.4678255e-05,0.00038111265
influence,ai_neutral,13,-0.00072747894,0.00075211795,-0.00070946076,-0.009457226
inter,ai_neutral,8,0.00048753517,0.00083218014,0.00046823063,0.0039002814
gen,ai_neutral,4,0.0016264145,0.00016206203,0.0016109683,0.006505658
eration,ai_neutral,4,0.00024905743,0.0009134872,0.00013011033,0.0009962297
wealth,ai_neutral,3,-0.0022344778,0.0013258987,-0.0024185418,-0.0067034336
disadvantage,ai_neutral,4,-0.00027905515,0.00054221,-9.8859266e-05,-0.0011162206
seemingly,ai_neutral,9,0.0007346183,0.00045353963,0.0006373483,0.0066115647
simple,ai_neutral,3,0.000462033,0.00043689448,0.00021014288,0.001386099
act,ai_neutral,10,0.0012486519,0.00066357135,0.0010765616,0.012486519
own,ai_neutral,12,0.00069846964,0.0011442844,0.0004923363,0.008381636
ers,ai_neutral,3,0.0022453994,0.00056558795,0.002167035,0.0067361984
hip,ai_neutral,3,0.001573354,0.00055501895,0.0013379673,0.004720062
means,ai_neutral,3,0.001049464,0.0021906747,-0.00022679809,0.0031483918
building,ai_neutral,7,0.0009875289,0.0006033002,0.00093769515,0.0069127027
however,ai_neutral,8,-0.00019680039,0.0006046601,-0.00011849003,-0.0015744031
ongoing,ai_neutral,3,0.0006595561,0.00013453451,0.0005977558,0.0019786684
communities,ai_neutral,4,-0.00013157097,0.0010705265,-9.479525e-05,-0.00052628387
cycles,ai_neutral,3,-0.002033143,0.0014728147,-0.0012879978,-0.006099429
matter,ai_neutral,5,-0.00018904448,0.0003040074,-1.8562052e-05,-0.0009452224
financial,ai_neutral,5,-0.0005607918,0.00066557905,-0.00045551884,-0.002803959
maintain,ai_neutral,4,0.00079174386,0.00050003553,0.0009459152,0.0031669755
structures,ai_neutral,5,0.0009956788,0.000533042,0.0012993932,0.004978394
consequently,ai_neutral,7,0.0009211762,0.0005568707,0.0010513441,0.0064482335
focusing,ai_neutral,3,0.0014293594,0.00077876897,0.0015010976,0.0042880783
responsibility,ai_neutral,4,-0.00056704995,0.00042097506,-0.0005201261,-0.0022681998
imp,ai_neutral,3,0.00063706166,0.00040975332,0.00063330017,0.001911185
ed,ai_neutral,3,-0.00068308925,0.00094031356,-0.0008380879,-0.0020492678
quitable,ai_neutral,5,0.00072456914,0.0023845762,-0.0008723375,0.0036228457
access,ai_neutral,10,3.449658e-05,0.0006300118,-2.1970729e-05,0.0003449658
resources,ai_neutral,6,-0.00011125312,0.0009408763,-0.00053392054,-0.0006675187
rein,ai_neutral,5,0.0013369692,0.00035634884,0.0014411944,0.006684846
cing,ai_neutral,5,0.0012216928,0.0008761105,0.0013859055,0.0061084637
pursuit,ai_neutral,8,0.00067693274,0.00077420066,0.00071764295,0.005415462
partner,ai_neutral,6,0.0021727586,0.0009959217,0.0023965412,0.013036552
truly,ai_neutral,4,0.00025327934,0.00066691614,0.00028440595,0.0010131174
dim,ai_neutral,4,0.0016228488,0.00035205187,0.0014789468,0.006491395
ini,ai_neutral,4,0.0015002759,0.0004143787,0.0015679961,0.0060011037
shing,ai_neutral,3,0.00064558507,0.00024628063,0.00068745215,0.0019367551
simply,ai_neutral,19,0.00062801864,0.00084629684,0.0003305919,0.011932354
evolving,ai_neutral,4,0.0009774385,0.0007488692,0.0010437577,0.003909754
beyond,ai_neutral,15,0.0014095296,0.00092796155,0.0012946813,0.021142945
expectations,ai_neutral,16,-0.0009719874,0.00047842442,-0.00091834046,-0.015551798
contemporary,ai_neutral,7,0.0009033763,0.0015940907,0.00063873106,0.006323634
marriage,ai_neutral,15,0.00097077613,0.0024998141,0.0003683904,0.014561642
prospects,ai_neutral,9,0.0012463327,0.00080910727,0.0012992764,0.011216994
shaped,ai_neutral,3,-0.0001417715,0.0003515242,-0.0003051228,-0.00042531447
career,ai_neutral,3,0.0011326348,0.0007673275,0.0012127061,0.0033979043
instability,ai_neutral,3,0.0008935483,0.00026214612,0.00080771337,0.0026806449
shifting,ai_neutral,5,0.0006354565,0.00024941174,0.00071132235,0.0031772826
societal,ai_neutral,13,-0.0012659096,0.0012715332,-0.0008267448,-0.016456826
norms,ai_neutral,7,-0.0009915923,0.00095939316,-0.0011938588,-0.006941146
prior,ai_neutral,14,0.00031209685,0.00052800414,0.0003245351,0.0043693557
iti,ai_neutral,15,0.00024266027,0.0008995318,1.9158848e-05,0.003639904
ze,ai_neutral,7,0.0010915124,0.0006283391,0.0013108804,0.0076405867
fulfillment,ai_neutral,4,-0.0003039325,0.0005613947,-0.00035075762,-0.00121573
discovery,ai_neutral,6,0.0018604123,0.0010489639,0.0018502497,0.011162474
leading,ai_neutral,5,0.0013175335,0.0010054428,0.0017823583,0.006587668
while,ai_neutral,22,0.0005390195,0.0008214065,0.0007707533,0.011858428
growth,ai_neutral,8,0.0005575255,0.00060936896,0.0006992252,0.004460204
rise,ai_neutral,4,-0.0007103951,0.00039207298,-0.0007644328,-0.0028415804
co,ai_neutral,4,0.0014119011,0.0003098923,0.0013762692,0.0056476044
long,ai_neutral,11,0.00015525939,0.0007945226,3.527192e-05,0.0017078533
term,ai_neutral,12,0.00062427804,0.0007988579,0.00040159893,0.007491336
partnerships,ai_neutral,5,0.001301535,0.0010875809,0.0011514681,0.006507675
without,ai_neutral,6,-0.00085154135,0.00066753983,-0.0011548416,-0.005109248
legal,ai_neutral,4,-0.001500585,0.0008452089,-0.001626967,-0.00600234
pl,ai_neutral,5,0.0008230122,0.00016696918,0.0009497737,0.004115061
landscape,ai_neutral,5,0.0019390484,0.0009078705,0.0021914952,0.009695242
romantic,ai_neutral,4,0.0005833133,0.00012326828,0.00058661244,0.0023332532
love,ai_neutral,3,0.0025792317,0.0009959622,0.0019259374,0.0077376952
remains,ai_neutral,5,0.0007351182,0.00093818584,0.0010130232,0.0036755912
ag,ai_neutral,3,0.0013336736,0.00030410106,0.0011390132,0.004001021
shared,ai_neutral,9,-0.00015285253,0.00063823507,-0.0004234406,-0.0013756728
values,ai_neutral,12,-0.0008269706,0.00050142565,-0.0008497783,-0.009923647
mutual,ai_neutral,6,-0.00030178673,0.0004395985,-0.0002520656,-0.0018107203
goals,ai_neutral,3,0.00076248776,0.00077417877,0.0012221462,0.0022874633
essential,ai_neutral,6,0.0014205454,0.0012177475,0.0010126382,0.008523272
components,ai_neutral,3,0.0013244204,0.00052189355,0.0013439867,0.0039732615
lasting,ai_neutral,4,-0.00013690411,0.00034628692,-0.00026991905,-0.00054761645
approach,ai_neutral,9,0.00079422974,0.00085829996,0.00078611786,0.0071480675
though,ai_neutral,4,-0.00017533271,0.00086978276,9.3816125e-05,-0.00070133083
desire,ai_neutral,6,0.0009065711,0.00059660146,0.0006357427,0.0054394267
world,ai_neutral,18,0.00041859702,0.0013650575,0.0006659385,0.007534746
paradox,ai_neutral,6,0.00074060005,0.0006937124,0.0010778168,0.0044436003
they,ai_neutral,23,-2.3664395e-05,0.0009400963,-0.00019854847,-0.0005442811
foster,ai_neutral,20,0.0014440202,0.00074371597,0.0012100224,0.028880404
sense,ai_neutral,13,0.0007530925,0.000384954,0.00076705974,0.009790203
ina,ai_neutral,5,0.00024877948,0.00032050422,0.00037671003,0.0012438974
de,ai_neutral,7,0.0012592431,0.0012047524,0.0007612815,0.008814702
cy,ai_neutral,5,0.0019651675,0.000998985,0.0022630943,0.009825837
through,ai_neutral,19,0.00088116725,0.00087832985,0.0010190336,0.016742177
perfect,ai_neutral,3,0.0005487274,0.0007517225,0.00012516305,0.0016461823
ex,ai_neutral,8,0.0014496126,0.00070552394,0.0013954851,0.0115969
ace,ai_neutral,4,0.0015771082,0.00045520003,0.001377667,0.0063084327
rba,ai_neutral,4,0.0008499895,0.00021802656,0.0008527917,0.003399958
te,ai_neutral,7,0.00062402204,0.0012218091,0.0007472553,0.0043681543
feelings,ai_neutral,7,-0.00017188962,0.00048534936,-0.00017391122,-0.0012032273
perception,ai_neutral,4,-0.00035019842,0.0008609407,-7.4040174e-05,-0.0014007937
online,ai_neutral,7,0.00028740216,0.0020067538,0.00032007403,0.002011815
interactions,ai_neutral,5,0.00051441975,0.00062933355,0.0007555579,0.0025720987
frequently,ai_neutral,11,0.0022795321,0.0028016346,0.0012411082,0.025074854
nu,ai_neutral,6,0.0013944898,0.0004365437,0.0013369846,0.008366939
ance,ai_neutral,7,0.00048213455,0.0004016025,0.00062543724,0.0033749419
cues,ai_neutral,3,0.0007037179,0.0010100811,0.0003591193,0.0021111537
crucial,ai_neutral,13,0.0007086855,0.00065457076,0.0006628692,0.009212911
genuine,ai_neutral,12,0.00022894643,0.0005238151,0.0002684298,0.0027473571
ize,ai_neutral,3,0.00015542835,0.0003342081,0.000146124,0.00046628504
its,ai_neutral,17,-0.0010047922,0.0021185821,-0.0004205183,-0.017081467
providing,ai_neutral,4,0.0005811817,0.0020967158,-5.9909187e-05,0.002324727
deep,ai_neutral,4,-0.0003244565,0.00095733424,-0.00023908392,-0.001297826
em,ai_neutral,4,0.0024882904,0.0011763034,0.001954629,0.009953162
require,ai_neutral,3,0.002070979,0.00094637956,0.002000139,0.0062129367
engagement,ai_neutral,4,-0.00020846116,0.0012015603,-0.00023545035,-0.00083384465
zing,ai_neutral,6,0.0011747761,0.0010158885,0.0008679488,0.0070486567
real,ai_neutral,4,-0.0006903629,0.0014061357,-0.0008419033,-0.0027614515
trend,ai_neutral,4,-0.00135764,0.0012027433,-0.0013650383,-0.00543056
practical,ai_neutral,5,0.00027922483,0.00037616977,0.0005018304,0.0013961241
hi,ai_neutral,3,0.0006963759,0.00041970966,0.00068471447,0.0020891277
ble,ai_neutral,3,0.0020033803,0.00052229874,0.0016828466,0.006010141
shifts,ai_neutral,5,0.0015209129,0.00057497184,0.0012517285,0.007604564
system,ai_neutral,7,0.00011697762,0.0018100631,0.00060831674,0.0008188434
outdated,ai_neutral,3,0.00078637106,0.00019354407,0.00073946925,0.0023591132
human,ai_neutral,11,0.0024072572,0.0010217855,0.0024797823,0.02647983
encouraging,ai_neutral,3,-4.8452133e-05,0.0011007489,9.007717e-05,-0.0001453564
intelligence,ai_neutral,3,-0.00032439153,0.0014413061,-0.0012283328,-0.0009731746
pursue,ai_neutral,3,0.0008487655,0.0004089807,0.00070843776,0.0025462965
we,ai_neutral,20,0.0013340762,0.0015567247,0.0010169403,0.026681524
skills,ai_neutral,9,0.0015366842,0.0008558176,0.0010342293,0.013830158
everyone,ai_neutral,3,-0.0016721123,0.00047404194,-0.001685654,-0.0050163367
innovation,ai_neutral,3,0.0010389375,0.00044282695,0.0008469609,0.0031168126
empathy,ai_neutral,5,0.0016502847,0.0019669968,0.0013887465,0.008251424
more,ai_neutral,15,-0.0006191429,0.0010227305,-0.000516271,-0.009287143
fulfilling,ai_neutral,3,-0.0011034455,0.00021758274,-0.0011016035,-0.0033103367
focus,ai_neutral,3,0.004197895,0.0014628615,0.0046401257,0.012593685
should,ai_neutral,4,0.0020918916,0.00062201225,0.0023020422,0.008367566
wrote,ai_neutral,4,-0.0009129284,0.001159229,-0.0011234287,-0.0036517135
ly,ai_neutral,14,0.00060009013,0.0007361256,0.00080664374,0.008401262
when,ai_neutral,18,0.0005894661,0.0008435862,0.0007308523,0.0106103895
role,ai_neutral,3,-0.00052469637,0.0002487061,-0.00035700868,-0.0015740892
consumer,ai_neutral,3,-7.926207e-05,0.0012020433,0.0007435959,-0.00023778621
culture,ai_neutral,6,-0.00054046273,0.0004763253,-0.00065234624,-0.0032427763
control,ai_neutral,22,0.00013767414,0.0009686105,0.00033915555,0.003028831
relentless,ai_neutral,4,0.0013030772,0.00014334683,0.0013536247,0.005212309
ivate,ai_neutral,4,0.0005354095,0.00026726353,0.00060203293,0.002141638
desires,ai_neutral,3,9.028954e-06,0.00026434634,-0.000114905604,2.7086862e-05
only,ai_neutral,7,0.00068995514,0.00037036184,0.00063000096,0.004829686
consumption,ai_neutral,4,-8.658605e-05,0.0007666745,0.00012711546,-0.0003463442
creates,ai_neutral,7,0.0002060373,0.00040859403,0.00012314101,0.001442261
dependence,ai_neutral,3,0.00072172534,0.0007928424,0.00036951047,0.002165176
st,ai_neutral,6,0.0015440494,0.0005046359,0.0017194502,0.009264296
ideal,ai_neutral,4,-0.00030419542,0.00062390283,-0.0002832369,-0.0012167817
external,ai_neutral,6,-0.00058679807,0.00023269921,-0.0005962561,-0.0035207884
forces,ai_neutral,5,0.00057133613,0.0005955367,0.00080247194,0.0028566807
choose,ai_neutral,3,0.00021790077,0.0017528057,0.0009361527,0.0006537023
defined,ai_neutral,3,0.00032863938,0.00042395128,0.00038182738,0.0009859181
particularly,ai_neutral,5,0.0008529682,0.0008765808,0.00060114125,0.004264841
idi,ai_neutral,3,0.00097499153,0.0005010066,0.00090906606,0.0029249745
ous,ai_neutral,3,-0.0006075126,0.0006752543,-0.00044247028,-0.0018225377
because,ai_neutral,5,0.001412903,0.0011146701,0.001034687,0.007064515
perceived,ai_neutral,7,0.00031064748,0.00049732695,0.00034439925,0.0021745323
purely,ai_neutral,3,-1.1075957e-05,0.00033891396,-1.9311105e-05,-3.3227872e-05
perspective,ai_neutral,12,0.00043185963,0.0006521227,0.00050933624,0.0051823156
served,ai_neutral,3,0.00073954667,0.0005852667,0.0010892429,0.00221864
vital,ai_neutral,6,0.001254694,0.0016696402,0.0014484642,0.0075281635
survival,ai_neutral,3,0.0012479447,0.00073913235,0.0014852083,0.0037438339
cooperation,ai_neutral,3,0.0012483359,0.0005844675,0.0011566752,0.0037450078
group,ai_neutral,3,-0.00034706233,0.002572125,0.0010257675,-0.001041187
tra,ai_neutral,4,0.0009702903,0.00029951593,0.0010792704,0.003881161
potentially,ai_neutral,4,0.0017366712,0.00037704036,0.0018270181,0.006946685
death,ai_neutral,3,0.0008856479,0.0013844491,0.0009978693,0.0026569436
deeply,ai_neutral,10,0.00021637499,0.00067169365,0.0002013525,0.00216375
rained,ai_neutral,6,0.00013307626,0.00033479554,2.7201251e-05,0.00079845753
need,ai_neutral,3,0.0013494147,0.00013850478,0.0012932026,0.004048244
continues,ai_neutral,3,-0.00022043753,0.0009328362,-0.0005154706,-0.0006613126
drive,ai_neutral,3,0.0024214329,0.000370999,0.0022955611,0.007264299
our,ai_neutral,28,0.0020722565,0.0019229385,0.0016338755,0.058023185
behavior,ai_neutral,3,-0.00019259141,0.0005508057,-5.719882e-05,-0.00057777425
fundamentally,ai_neutral,5,0.0004100736,0.0010899655,0.00077086233,0.002050368
avoid,ai_neutral,3,0.00083134527,0.0006524144,0.000847092,0.0024940358
even,ai_neutral,18,-0.00013051851,0.0004611326,-0.00016208427,-0.0023493334
minor,ai_neutral,4,0.0008601653,0.0005424521,0.000578286,0.0034406611
trans,ai_neutral,3,0.0018657426,0.0005068688,0.0021871142,0.0055972277
anxiety,ai_neutral,5,0.0005297613,0.00068146834,0.00032140323,0.0026488064
lies,ai_neutral,11,-0.00023477837,0.00087411696,-7.486178e-05,-0.0025825622
balancing,ai_neutral,3,-0.0007846308,0.0011701807,-6.793992e-05,-0.0023538924
which,ai_neutral,10,-0.00024238761,0.001483071,0.0002513497,-0.0024238762
hind,ai_neutral,4,0.000810387,0.0016147578,0.00090343534,0.003241548
progress,ai_neutral,4,-0.00030195515,0.0008996115,-0.00012712865,-0.0012078206
observing,ai_neutral,3,0.00040873096,0.00045614768,0.0006589816,0.0012261929
clear,ai_neutral,5,0.0014270155,0.0014023056,0.00218989,0.007135078
other,ai_neutral,4,0.0011116455,0.00071784225,0.0007951097,0.004446582
experience,ai_neutral,8,0.00045414982,0.0012195456,0.00013375064,0.0036331986
being,ai_neutral,9,0.00013340346,0.0015164693,0.00019312871,0.0012006311
background,ai_neutral,3,0.0005159472,0.00011027092,0.0004997309,0.0015478416
example,ai_neutral,9,-0.00047260177,0.0008279972,-0.00042258945,-0.004253416
ali,ai_neutral,4,0.0008092611,0.0004482025,0.000818169,0.0032370444
different,ai_neutral,4,-0.00016610237,0.0006927367,5.1022667e-05,-0.0006644095
face,ai_neutral,6,0.0019018747,0.00061199244,0.0018330477,0.011411248
their,ai_neutral,38,0.0008047201,0.0013333127,0.00066580775,0.030579364
ting,ai_neutral,3,0.0012590628,0.00042759953,0.0010417247,0.0037771882
era,ai_neutral,4,0.0016809535,0.0010132383,0.0017451313,0.006723814
one,ai_neutral,13,0.0013753979,0.0010517135,0.0013157083,0.017880173
leaving,ai_neutral,5,8.1378894e-05,0.00041661508,0.00019511962,0.00040689448
acknowledging,ai_neutral,6,-0.00018492113,0.0012539827,-0.0002333656,-0.0011095267
connected,ai_neutral,3,-0.00028743147,0.0013613526,0.00014515228,-0.0008622944
constantly,ai_neutral,4,0.0004485361,0.00078573165,0.00021204475,0.0017941444
web,ai_neutral,4,0.0013618332,0.0011380735,0.0011557885,0.0054473327
relationships,ai_neutral,16,-0.00051171024,0.0010949632,-0.00030261296,-0.008187364
also,ai_neutral,8,-0.00040302362,0.0015294645,-9.7520286e-05,-0.003224189
similarly,ai_neutral,5,0.00015156975,0.00038242308,8.3983236e-05,0.0007578488
may,ai_neutral,9,0.0012174554,0.0005791108,0.0014175887,0.010957099
authority,ai_neutral,4,-0.00022157049,0.00096143456,-0.0005283314,-0.00088628195
over,ai_neutral,15,0.00036187135,0.0009814114,0.00070544076,0.00542807
simultaneously,ai_neutral,3,0.00081556564,0.0003835907,0.00058103655,0.0024466969
understanding,ai_neutral,16,0.0011061234,0.001049423,0.0004892268,0.017697975
ness,ai_neutral,9,0.0013023652,0.00084490766,0.0015343367,0.011721287
attempts,ai_neutral,3,0.0013948936,0.0005138234,0.001437661,0.004184681
pro,ai_neutral,5,0.0015566655,0.00087029,0.0017272179,0.0077833277
delicate,ai_neutral,3,0.0003982899,0.0006825391,-2.729497e-05,0.0011948698
create,ai_neutral,8,0.00083953375,0.00051830034,0.00076545356,0.00671627
consequences,ai_neutral,9,0.00034980735,0.0007259642,0.00027335156,0.003148266
effective,ai_neutral,6,-6.018908e-05,0.0007059495,-0.00020163183,-0.00036113447
acknowledges,ai_neutral,4,-0.00073671446,0.0011279737,-0.0009259348,-0.0029468578
collaborative,ai_neutral,4,0.0014426283,0.0003744671,0.0015784085,0.0057705133
strange,ai_neutral,3,0.0019603898,0.00041974604,0.0022341148,0.0058811693
how,ai_neutral,20,0.00039593916,0.0010104666,0.0006572943,0.007918783
cat,ai_neutral,3,0.00097131456,0.0004760438,0.0010036653,0.0029139437
ego,ai_neutral,3,0.0004701568,0.00023295569,0.0003699204,0.0014104705
rize,ai_neutral,3,-0.00074985786,0.000116961695,-0.0006736873,-0.0022495736
what,ai_neutral,10,0.00079212507,0.0010658321,0.0005955192,0.007921251
at,ai_neutral,9,0.002250269,0.00068916276,0.0024112016,0.020252421
core,ai_neutral,6,0.00084498693,0.00043263735,0.0007385338,0.0050699217
spar,ai_neutral,3,0.0018906683,0.00022313719,0.001946905,0.005672005
ity,ai_neutral,15,0.00031480563,0.0007272466,0.00023561629,0.0047220844
within,ai_neutral,5,0.0006870652,0.0009272361,0.00047021144,0.0034353258
larger,ai_neutral,3,0.00061677385,0.00027391166,0.00060252944,0.0018503215
lived,ai_neutral,3,-0.0005690072,0.00049221487,-0.0005804085,-0.0017070215
begins,ai_neutral,4,0.00043955055,0.0011325954,0.00084435416,0.0017582022
subtle,ai_neutral,10,0.000188422,0.00058665447,0.00023360325,0.0018842199
opportunity,ai_neutral,3,0.0014495902,0.00056814065,0.0010964223,0.0043487707
aren,ai_neutral,10,0.0013876352,0.0007059575,0.00152061,0.013876352
isolated,ai_neutral,3,0.0010961493,0.0002378702,0.0012156578,0.0032884479
incidents,ai_neutral,3,0.0011876714,0.0008987801,0.00057581137,0.0035630143
issues,ai_neutral,4,-0.00094100076,0.00055143447,-0.0009977536,-0.003764003
developing,ai_neutral,4,0.0011151102,0.0007835058,0.00090317865,0.004460441
beliefs,ai_neutral,9,-0.0015192875,0.00088361936,-0.0014862549,-0.013673587
oc,ai_neutral,4,0.0015782551,0.000769174,0.0017099025,0.0063130204
step,ai_neutral,3,7.844238e-05,0.00019710563,0.00015373013,0.00023532714
towards,ai_neutral,7,0.0019998632,0.0016203226,0.0014685938,0.013999043
collective,ai_neutral,4,-0.00014317862,0.00043461254,-0.000109252374,-0.0005727145
ambition,ai_neutral,3,0.0007719116,0.0018059079,-7.533605e-05,0.0023157347
independence,ai_neutral,3,-0.0013785012,0.0008570094,-0.001204629,-0.0041355034
women,ai_neutral,3,0.0027271295,0.0015602406,0.0029064142,0.0081813885
like,ai_neutral,10,-3.19747e-05,0.00084090896,0.00017109563,-0.00031974702
diverse,ai_neutral,3,0.00028582304,0.00035561965,0.00037249541,0.0008574691
relationship,ai_neutral,9,0.00047236323,0.0012453722,0.0004933882,0.004251269
bly,ai_neutral,3,0.0015417371,0.00035832735,0.001402152,0.0046252115
impact,ai_neutral,10,0.0011755635,0.00071609835,0.0010829403,0.011755635
marital,ai_neutral,5,-0.00044735527,0.0015741746,-0.00090723357,-0.0022367763
once,ai_neutral,3,0.00028291976,0.00041529431,0.00044778897,0.0008487593
was,ai_neutral,5,-0.0001583245,0.00084563956,-0.00022037156,-0.0007916225
necessity,ai_neutral,3,0.0007882129,0.0005584134,0.00040710674,0.0023646387
choice,ai_neutral,3,0.0009741217,0.00023095735,0.0011275818,0.002922365
tion,ai_neutral,3,0.0016548844,0.0007903584,0.002195779,0.0049646534
ability,ai_neutral,8,0.00035645446,0.00054871815,0.00037580152,0.0028516357
family,ai_neutral,6,-0.0005998725,0.0012600684,-0.00015231004,-0.0035992349
maintaining,ai_neutral,3,0.00069680315,0.0004136726,0.00047918834,0.0020904094
compatibility,ai_neutral,5,-0.0006545369,0.0004809644,-0.0007420405,-0.0032726843
intellectual,ai_neutral,3,-0.0002986917,0.00018229421,-0.00033677014,-0.0008960751
meaningful,ai_neutral,4,-0.0005761925,0.00035162058,-0.0006292043,-0.00230477
ways,ai_neutral,4,-0.00027538266,0.00034299705,-0.00034970266,-0.0011015306
later,ai_neutral,3,0.00061566004,0.0008598474,0.00086868834,0.0018469801
tes,ai_neutral,3,0.00063589454,0.00025873847,0.00063812296,0.0019076837
sp,ai_neutral,8,0.0011273763,0.00040166068,0.0010354016,0.009019011
rop,ai_neutral,5,0.0010001564,0.000291888,0.001030022,0.005000782
ort,ai_neutral,5,0.000733464,0.00040022313,0.0005624859,0.0036673201
ion,ai_neutral,8,0.0012974194,0.00081695383,0.0012511457,0.010379355
ately,ai_neutral,3,-0.0005953636,0.00039639647,-0.0004540587,-0.0017860908
less,ai_neutral,4,-0.00028854248,0.0016045236,-0.00053556974,-0.0011541699
such,ai_neutral,3,0.0011829147,0.0002249088,0.001129006,0.0035487441
sentiment,ai_neutral,5,0.00083051703,0.00016596896,0.000906148,0.0041525853
itself,ai_neutral,6,2.9942254e-05,0.0013560373,0.000638583,0.00017965352
associated,ai_neutral,3,0.0012573273,0.0005002379,0.001138145,0.0037719817
significant,ai_neutral,7,0.00025102546,0.00062494486,0.00032832485,0.0017571782
instead,ai_neutral,4,0.00012494792,0.000746798,0.0001661785,0.0004997917
built,ai_neutral,3,0.0011866433,0.00092633424,0.0016451407,0.0035599298
impacts,ai_neutral,4,0.00083949143,0.0003085471,0.00087531615,0.0033579657
allowing,ai_neutral,3,0.0011885652,0.00057417696,0.0010498408,0.0035656954
status,ai_neutral,3,-0.00064431527,0.00029994955,-0.00074340345,-0.0019329458
children,ai_neutral,12,0.0014794109,0.001090775,0.0015505332,0.01775293
overlooked,ai_neutral,8,0.0005659645,0.00092279084,7.800151e-05,0.004527716
aspect,ai_neutral,4,0.00055677653,0.00049612945,0.00048645522,0.0022271061
parental,ai_neutral,12,0.0014484593,0.0013005318,0.0014849184,0.017381512
parents,ai_neutral,5,0.00084050355,0.0019090682,0.0013092062,0.0042025177
shaping,ai_neutral,6,-0.0004786814,0.0012104171,-0.0004582161,-0.0028720885
contributing,ai_neutral,3,-0.000107347965,0.00032753948,-0.00026605843,-0.0003220439
limited,ai_neutral,5,2.613212e-05,0.0004526608,0.00020451847,0.0001306606
direct,ai_neutral,3,-0.0005674902,7.802627e-05,-0.0005523143,-0.0017024705
community,ai_neutral,3,-0.0019163033,0.0014422775,-0.0019841758,-0.00574891
parent,ai_neutral,5,0.00094976183,0.0007347938,0.00042061138,0.004748809
child,ai_neutral,19,0.0017117929,0.0018711755,0.0019596112,0.032524064
broader,ai_neutral,3,-0.00077982683,0.0004290191,-0.0007809008,-0.0023394804
shift,ai_neutral,5,0.0005376294,0.00072232774,0.00012404736,0.0026881471
ate,ai_neutral,3,-0.00012330427,0.0004215209,-0.00028291484,-0.0003699128
qualities,ai_neutral,4,-0.00047593532,0.0004860804,-0.00047290057,-0.0019037413
no,ai_neutral,4,0.0001781016,0.00057174405,0.0001201611,0.0007124064
pressure,ai_neutral,5,0.0002515,0.0005468529,5.9541897e-05,0.0012574999
fa,ai_neutral,4,0.0015241386,0.0010376436,0.0018188047,0.0060965545
mi,ai_neutral,3,0.0016833512,0.00046732553,0.0013702377,0.005050054
lia,ai_neutral,3,0.00056755595,4.2659794e-05,0.00055077625,0.0017026679
happiness,ai_neutral,5,-0.00051034807,0.0010877134,6.895652e-05,-0.0025517403
intimacy,ai_neutral,3,0.0014228271,0.00046423898,0.0012699472,0.0042684814
if,ai_neutral,7,0.0007867049,0.001026639,0.0011436512,0.005506934
find,ai_neutral,5,0.0016950365,0.0006060866,0.0017551507,0.008475183
emphasis,ai_neutral,5,0.0011919815,0.0007144289,0.0012596834,0.0059599075
finding,ai_neutral,3,0.001560412,0.0004544472,0.0018473194,0.004681236
someone,ai_neutral,8,0.0008601094,0.0012172714,0.0009013603,0.006880875
language,ai_neutral,3,-0.00083354284,0.00081605074,-0.00091838837,-0.0025006286
events,ai_neutral,4,0.000668991,0.0002976956,0.000808552,0.002675964
ideas,ai_neutral,3,-0.0008958678,0.00067503523,-0.0012447968,-0.0026876035
carry,ai_neutral,3,0.00038238146,0.00026904207,0.00042437715,0.0011471444
instance,ai_neutral,3,-6.309055e-05,0.00046400266,-3.8284372e-05,-0.00018927164
emotions,ai_neutral,4,-0.00072520773,0.0002708564,-0.0007126781,-0.002900831
certain,ai_neutral,3,0.00014222586,0.00037495606,-3.6831014e-05,0.00042667758
behaviors,ai_neutral,9,9.725209e-05,0.00040677004,2.2403663e-05,0.0008752688
ant,ai_neutral,3,0.0011251661,0.0005202371,0.0011646748,0.003375498
therefore,ai_neutral,6,0.000447846,0.000460898,0.00046543748,0.0026870759
operates,ai_neutral,5,-4.360656e-05,0.0013162732,-7.721997e-05,-0.0002180328
spaces,ai_neutral,3,-0.0002931283,0.0011223006,-0.0004589189,-0.0008793849
safety,ai_neutral,6,0.0004596645,0.0006500641,0.0005744504,0.002757987
families,ai_neutral,3,0.00034906724,0.0010447346,0.0007895785,0.0010472017
become,ai_neutral,6,0.0003407695,0.0015796846,0.00017339559,0.002044617
wounds,ai_neutral,3,0.0035742337,0.0011034997,0.004285158,0.010722701
childhood,ai_neutral,11,-0.0013370373,0.0012976003,-0.0009274952,-0.01470741
dramatic,ai_neutral,3,0.00047141305,0.00016831631,0.0005320483,0.0014142392
consistently,ai_neutral,6,0.00016584336,0.0009000916,0.00038252756,0.0009950602
ation,ai_neutral,7,0.0010051823,0.0009627775,0.001340351,0.0070362757
brain,ai_neutral,6,0.0028727192,0.0018977398,0.002936021,0.017236315
capacity,ai_neutral,8,0.0016264367,0.0012256389,0.0011590242,0.013011494
regulation,ai_neutral,5,-0.00040470186,0.0005120301,-0.0005580695,-0.0020235092
attachment,ai_neutral,7,1.047308e-05,0.00061624276,-5.7541838e-05,7.331156e-05
ization,ai_neutral,4,0.0017463024,0.0002565104,0.0017132415,0.0069852094
recognize,ai_neutral,4,7.40798e-05,0.0005068951,4.0217798e-05,0.0002963192
environment,ai_neutral,5,0.00066829694,0.00062797253,0.00062364736,0.0033414848
internal,ai_neutral,8,6.197908e-06,0.0005479231,3.0854666e-05,4.9583265e-05
izing,ai_neutral,6,0.00015193033,0.0004350479,0.0002662658,0.00091158197
adults,ai_neutral,5,0.001820524,0.0015441058,0.0011230364,0.00910262
forming,ai_neutral,4,0.0010954468,0.0004052002,0.0010242779,0.004381787
healthy,ai_neutral,7,0.0013008906,0.00070641714,0.0016102353,0.009106234
vas,ai_neutral,5,0.0009511627,0.00032408896,0.0011093472,0.0047558136
ive,ai_neutral,6,0.0009394302,0.0005887631,0.00085070403,0.005636581
secure,ai_neutral,3,0.0006807659,0.00034887643,0.00048247445,0.0020422977
formation,ai_neutral,4,0.0013527999,0.00085276854,0.0014968086,0.0054111998
event,ai_neutral,3,0.0011378314,6.569477e-05,0.0011018098,0.0034134942
negotiation,ai_neutral,3,0.0014491478,0.0006681222,0.0019165026,0.0043474436
them,ai_neutral,7,0.00039426392,0.0015173221,0.00088732835,0.0027598473
period,ai_neutral,5,0.0002534906,0.0013007962,-0.00045978592,0.0012674531
periods,ai_neutral,3,-0.00054291385,5.794449e-05,-0.00050808484,-0.0016287416
uncertainty,ai_neutral,4,1.5388392e-05,0.00060115283,9.7218006e-05,6.155357e-05
inherent,ai_neutral,9,-0.000510536,0.00022159744,-0.0005597747,-0.0045948243
themselves,ai_neutral,6,-0.00062970025,0.0008308288,-0.0006235677,-0.0037782015
reveals,ai_neutral,3,0.001806662,0.00050844456,0.0021592344,0.005419986
conscious,ai_neutral,3,8.878589e-06,0.0006029359,0.0003858273,2.6635767e-05
might,ai_neutral,5,0.00070863287,0.0010644927,0.00095145893,0.0035431643
res,ai_neutral,9,0.0010414259,0.0006047528,0.0013169346,0.009372832
ili,ai_neutral,4,0.0022012761,0.0004439238,0.0023725396,0.0088051045
ence,ai_neutral,4,0.00020951165,0.00075783266,0.0002497814,0.0008380466
superficial,ai_neutral,12,0.00075674505,0.0008531374,0.0007563848,0.009080941
barriers,ai_neutral,5,-0.00033275931,0.0012383416,-0.00040669186,-0.0016637966
communication,ai_neutral,4,5.764593e-05,0.00047126642,0.0002117966,0.00023058373
judgment,ai_neutral,3,0.00089842867,0.00011458041,0.0008992765,0.002695286
you,ai_neutral,4,0.009147604,0.0071735675,0.006136758,0.036590416
physical,ai_neutral,8,-0.0001596894,0.00037037092,4.391562e-05,-0.0012775152
danger,ai_neutral,3,0.0012410426,0.00047211166,0.0011704625,0.0037231278
yet,ai_neutral,8,0.00086970616,0.0006451382,0.0008188115,0.0069576493
ial,ai_neutral,4,6.760213e-05,0.00034940656,9.593193e-05,0.00027040852
navigate,ai_neutral,3,0.0014206391,0.00042587734,0.001153837,0.0042619174
triggers,ai_neutral,3,0.001727094,0.00063085847,0.0013501622,0.005181282
necessary,ai_neutral,5,0.000620962,0.0005704377,0.00038198062,0.0031048101
development,ai_neutral,6,0.0008584692,0.00037444796,0.000936596,0.0051508155
mechanisms,ai_neutral,3,0.0011748362,0.00039973375,0.0010791944,0.0035245086
overwhelming,ai_neutral,3,-0.00020549381,0.00034006723,-0.00031623786,-0.0006164814
moment,ai_neutral,3,0.00051225175,0.00047036083,0.00046828203,0.0015367552
learning,ai_neutral,3,0.0036192872,0.0015126093,0.004164977,0.0108578615
boundaries,ai_neutral,4,-0.00017748319,0.0003886271,-0.00021755125,-0.00070993276
open,ai_neutral,5,0.00088886346,0.00021186934,0.00081229425,0.0044443174
before,ai_neutral,3,0.00076741335,0.00018364098,0.00064684224,0.00230224
knowledge,ai_neutral,4,-0.00044339462,0.0012113284,-0.00013903515,-0.0017735785
largely,ai_neutral,3,-0.00048867916,0.00050626544,-0.00019273534,-0.0014660375
challenges,ai_neutral,4,0.0005405082,0.00060519273,0.0006552116,0.0021620328
demonstrating,ai_neutral,3,-0.0009063924,0.0012059918,-0.0002989493,-0.0027191772
enduring,ai_neutral,4,-0.00020063057,0.00088399695,-0.00019851347,-0.0008025223
concept,ai_neutral,4,-0.00033414603,0.00053114456,-0.0004103439,-0.0013365841
space,ai_neutral,3,0.00041963463,0.00054739416,0.00062301394,0.0012589039
fully,ai_neutral,7,0.00017562744,0.00052298326,0.0002620287,0.0012293921
susceptible,ai_neutral,5,0.0020001123,0.001049498,0.0019906862,0.010000561
stress,ai_neutral,5,0.0016315402,0.0010325181,0.0015164834,0.008157701
neurological,ai_neutral,5,0.0018259637,0.0014914013,0.0013225022,0.0091298185
pathways,ai_neutral,3,0.0018845474,0.00023653347,0.00193683,0.005653642
future,ai_neutral,5,0.0012882601,0.0012492053,0.0007074476,0.0064413007
nur,ai_neutral,3,0.0010682811,0.00049416476,0.00072425354,0.0032048433
turing,ai_neutral,3,0.00080665486,0.0015192076,0.0017864588,0.0024199646
thrive,ai_neutral,5,0.0003972032,0.00027109287,0.000456663,0.001986016
foundation,ai_neutral,8,0.0018133612,0.001092404,0.0018203598,0.0145068895
elements,ai_neutral,3,0.00045076234,0.000425115,0.0005833502,0.001352287
manifest,ai_neutral,5,-5.0223713e-05,0.00061601255,-0.00036094963,-0.00025111856
conditions,ai_neutral,3,-0.000551642,0.0009424211,-0.0006185674,-0.001654926
duty,ai_neutral,7,0.0006813432,0.0012626399,0.0006547105,0.0047694026
needs,ai_neutral,4,0.0004426607,0.0004292925,0.00040468137,0.0017706428
transmission,ai_neutral,3,0.0015543966,0.00043345572,0.0016376982,0.00466319
fundamental,ai_neutral,7,0.0009780014,0.000810534,0.0008212153,0.0068460098
far,ai_neutral,3,0.0007391586,0.0005127466,0.0010513769,0.0022174758
willingness,ai_neutral,6,-0.0007684363,0.0008066396,-0.000730519,-0.0046106176
responsible,ai_neutral,4,0.00040710316,0.00072511955,0.000560689,0.0016284126
investment,ai_neutral,3,0.0014663027,0.0006832287,0.0017385089,0.004398908
us,ai_neutral,3,0.0028535482,0.0005517673,0.003031691,0.008560644
limitations,ai_neutral,4,3.3478136e-07,0.00064440793,9.027371e-05,1.3391254e-06
parenting,ai_neutral,5,0.00077601115,0.0008378207,0.0010707694,0.0038800559
extends,ai_neutral,4,-0.00045266032,0.00084608595,-0.00014778323,-0.0018106413
well,ai_neutral,4,0.00047175746,0.00031879178,0.00031054422,0.0018870299
gr,ai_neutral,4,0.0023597495,0.0006342871,0.0024153432,0.009438998
risk,ai_neutral,3,-0.0002538569,0.0015970438,0.00084247405,-0.00076157076
under,ai_neutral,6,0.00096328976,0.0012530694,0.0009121214,0.0057797385
threat,ai_neutral,4,0.0016184738,0.00056052604,0.0016579736,0.006473895
health,ai_neutral,3,0.0012770175,0.0012723622,0.0020790133,0.0038310527
limit,ai_neutral,3,0.0004326928,0.00037711152,0.00036981137,0.0012980783
down,ai_neutral,4,-0.00012462249,0.00080045447,0.00010931396,-0.00049848994
tendency,ai_neutral,3,-0.0007375966,0.0003076035,-0.0006385154,-0.0022127898
define,ai_neutral,3,-0.0007547348,0.0004722789,-0.0009928328,-0.0022642044
developmental,ai_neutral,4,0.00044593384,0.000747898,0.00062707346,0.0017837354
disruption,ai_neutral,3,0.002269272,0.00071821536,0.0018599274,0.006807816
task,ai_neutral,3,0.0007972559,0.0006799909,0.0009264637,0.0023917677
develop,ai_neutral,4,0.0011951136,0.0005730698,0.0011322865,0.0047804546
styles,ai_neutral,3,0.0012377694,0.00063488085,0.00095097546,0.0037133081
provides,ai_neutral,3,0.00039261315,0.00063722115,0.00064040115,0.0011778395
unique,ai_neutral,3,-0.0003147507,0.0007481557,-0.00082677,-0.0009442521
art,ai_neutral,3,0.0018639021,0.0010279698,0.0014638498,0.0055917064
dynamic,ai_neutral,6,0.0019664331,0.0010238738,0.0018151433,0.011798599
new,ai_neutral,3,0.0012442908,0.00034293908,0.001367237,0.0037328727
confront,ai_neutral,3,0.0005096093,0.00082981895,0.001008955,0.0015288279
alongside,ai_neutral,3,0.0009973521,0.002312983,0.0015309457,0.0029920563
authenticity,ai_neutral,5,-0.00050265325,0.0006666355,-0.0006413717,-0.0025132662
lat,ai_neutral,6,-0.00025331628,0.0010409206,-1.5343394e-06,-0.0015198977
able,ai_neutral,5,0.0004020497,0.0006401243,0.0003091187,0.0020102486
present,ai_neutral,5,6.682244e-05,0.00079399237,-0.00021919911,0.0003341122
notion,ai_neutral,4,-0.0014126753,0.0006106754,-0.0016205623,-0.005650701
worth,ai_neutral,5,0.00048781495,0.004012515,-0.0005663562,0.0024390747
validation,ai_neutral,4,0.00051724556,0.0006458968,0.0005724817,0.0020689822
value,ai_neutral,5,-0.0012925097,0.0013742271,-0.0007083217,-0.006462549
existent,ai_neutral,3,0.0006438453,0.00012716664,0.00056582654,0.0019315359
invisible,ai_neutral,3,0.000667109,0.00075456157,0.0005527828,0.002001327
unlike,ai_neutral,3,0.001195472,0.0006079997,0.0011342424,0.003586416
change,ai_neutral,4,0.0011551376,0.0006510698,0.0013757758,0.00462055
des,ai_neutral,3,0.0013184316,0.0006804341,0.0008432919,0.003955295
effects,ai_neutral,3,0.00031090478,0.00040768812,0.00044483028,0.0009327144
scar,ai_neutral,5,0.002375374,0.0010952754,0.0016898449,0.011876871
city,ai_neutral,7,2.1635738e-05,0.0013128092,0.00026805405,0.00015145016
slow,ai_neutral,3,0.00078972575,0.00036481651,0.00075167825,0.0023691773
depth,ai_neutral,3,0.00043407967,0.0015755403,0.00033744687,0.001302239
substance,ai_neutral,4,-0.0003983351,0.0012846367,7.074165e-05,-0.0015933404
connections,ai_neutral,5,-0.00025423156,0.000513776,-0.00058834255,-0.0012711578
onate,ai_neutral,3,0.0010482083,0.00042003504,0.0011887035,0.003144625
malicious,ai_neutral,4,0.0014683199,0.00012774084,0.0014519488,0.0058732796
demons,ai_neutral,3,0.00079620216,0.0005989023,0.0007291474,0.0023886065
research,ai_neutral,3,0.0031772796,0.0010270923,0.0025477698,0.009531839
view,ai_neutral,3,0.0007629744,0.00089357374,0.0012399373,0.0022889231
guidance,ai_neutral,3,0.00062850927,0.00068400294,0.00028970675,0.0018855277
rules,ai_neutral,3,0.0008431038,0.00039638538,0.0007006298,0.0025293115
decision,ai_neutral,5,-0.00094104547,0.00040002677,-0.00097215734,-0.0047052274
making,ai_neutral,8,0.0011906932,0.00051746774,0.0011660592,0.009525546
thinking,ai_neutral,5,-0.0008941221,0.00039442512,-0.0010146219,-0.0044706105
easily,ai_neutral,3,0.0006726523,0.00041005833,0.00045363037,0.002017957
work,ai_neutral,3,0.0027114244,0.0017076435,0.001931453,0.008134273
say,ai_neutral,3,0.0005390975,0.00030368383,0.0005608171,0.0016172926
suggests,ai_neutral,3,-0.00085647893,0.0014942281,-0.0015309325,-0.0025694368
er,ai_neutral,4,0.00082427356,0.0010481746,0.0010100824,0.0032970943
curious,ai_neutral,5,0.00021626242,0.00018329616,0.00029756766,0.0010813121
initial,ai_neutral,4,0.0009285213,0.00026299682,0.00087880495,0.003714085
abuse,ai_neutral,3,0.0005321541,0.0013074864,0.0012987724,0.0015964623
context,ai_neutral,4,0.0003932832,0.0003796622,0.00028092496,0.0015731328
mortality,ai_neutral,5,-0.0015223937,0.0011483787,-0.0019113753,-0.007611968
finite,ai_neutral,4,0.00011276857,0.0004246273,1.8682433e-05,0.00045107427
intentional,ai_neutral,3,0.00087924424,0.0005138131,0.0008419972,0.0026377328
cta,ai_neutral,3,0.00084710616,0.0007121781,0.000775752,0.0025413185
becomes,ai_neutral,3,0.0017429349,0.001226601,0.0017789877,0.005228805
autonomy,ai_neutral,3,0.000713499,0.0018585809,-0.00059219875,0.0021404969
solid,ai_neutral,3,0.0010100015,0.00067006634,0.0014664066,0.0030300044
istic,ai_neutral,3,0.00021311436,0.00046172272,0.00024314687,0.00063934305
living,ai_neutral,3,-0.0007182337,0.0016518969,-0.0011536728,-0.0021547012
attention,ai_neutral,3,0.00015440343,0.00045891432,7.3979856e-05,0.0004632103
discourse,ai_neutral,3,-0.0007115689,0.0003797582,-0.00093694264,-0.0021347068
engage,ai_neutral,3,0.0011833404,0.00030975274,0.0011078324,0.0035500212
something,ai_neutral,3,-9.831751e-05,0.00024250644,-0.00014623968,-0.00029495254
sc,ai_neutral,3,0.0014243907,0.00038378828,0.001395193,0.004273172
mani,ai_neutral,6,0.0014050737,0.0012475662,0.0012427294,0.008430442
pu,ai_neutral,6,0.0024074991,0.0008498987,0.0024860387,0.014444995
victim,ai_neutral,5,0.0028740666,0.0011585222,0.0025474513,0.0143703325
greatest,ai_neutral,3,0.00060764205,0.00015199484,0.0006642724,0.0018229261
mis,ai_neutral,3,0.00019878025,0.00057123654,0.0004411225,0.00059634075
ibility,ai_neutral,3,0.00056220096,0.000341176,0.00056532887,0.0016866028
still,ai_neutral,3,-0.00016812953,0.0005254832,-0.0002864331,-0.0005043886
any,ai_neutral,3,-0.0003993504,0.00043807426,-0.00049158325,-0.0011980511
time,ai_neutral,4,0.0001836861,0.0007495806,0.00041867458,0.0007347444
conflict,ai_neutral,3,0.0009489118,0.000910696,0.00033506454,0.0028467355
men,ai_neutral,3,8.445416e-05,0.0006696509,0.00027404394,0.00025336246
force,ai_neutral,5,0.0009787758,0.00042662618,0.00074228004,0.004893879
true,ai_neutral,3,-0.0006148071,0.0013094606,-0.0015372094,-0.0018444214
reflecting,ai_neutral,3,0.0010528542,0.0004727165,0.0012926097,0.0031585626
